1,14.9,21.6,8.8,1017.4,76,0,0.8,0.9,7.6,15-Jan,Delhi
2,14.7,21.6,10.2,1018.1,97,5.08,0.6,3.1,9.4,15-Jan,Delhi
3,15,16.8,13.6,1017.5,94,7.11,0.5,0.9,7.6,15-Jan,Delhi
4,14.2,19,9.8,1019.5,82,0,1,9.4,16.5,15-Jan,Delhi
5,13.9,20.7,7.8,1015.8,74,0,1.3,15,22.2,15-Jan,Delhi
6,12,20.7,8.4,1015.6,83,0,0.8,4.4,11.1,15-Jan,Delhi
7,9.8,17.6,6.4,1016.6,90,0,0.5,3.9,11.1,15-Jan,Delhi
8,10.1,14.5,7.2,1019.2,90,0,0.3,3.3,7.6,15-Jan,Delhi
9,10.5,16.3,6.8,1020.1,84,0,0.5,1.5,5.4,15-Jan,Delhi
10,11.2,18.3,7.2,1018.8,77,0,0.8,4.4,9.4,15-Jan,Delhi
11,11.1,18.3,6.6,1019.1,83,0,0.6,4.8,13,15-Jan,Delhi
12,10.6,16.2,5.7,1019.4,83,0,0.5,0.9,7.6,15-Jan,Delhi
13,12.3,18.3,4,1017.1,81,0,0.5,4.8,9.4,15-Jan,Delhi
14,12.1,18.3,9,1017.5,86,0.51,0.6,5.2,9.4,15-Jan,Delhi
15,12.3,19,5.8,1019.3,82,0,0.5,0.9,7.6,15-Jan,Delhi
16,13,20.6,8.2,1019.2,81,0,0.6,4.6,13,15-Jan,Delhi
17,13.6,21.1,8.4,1019.2,80,0,1,1.9,9.4,15-Jan,Delhi
18,13.2,21.6,6.4,1018.6,76,0,1,2.6,9.4,15-Jan,Delhi
19,13.9,21.6,9.4,1019,79,0,1,1.9,14.8,15-Jan,Delhi
20,13.4,20.7,9.8,1020.1,80,0,0.8,7.2,11.1,15-Jan,Delhi
21,13.3,17.5,9.5,1021.2,79,0,0.8,3.7,7.6,15-Jan,Delhi
22,12.6,13.2,12,1020.5,96,3.05,0.6,3.1,7.6,15-Jan,Delhi
23,14.7,19.8,11.4,1019.9,88,7.11,1,1.1,9.4,15-Jan,Delhi
24,12.5,19.8,10.3,1020.7,89,0,1,9.8,14.8,15-Jan,Delhi
25,13.1,18.3,8.5,1020.6,80,0,0.8,4.1,14.8,15-Jan,Delhi
26,13.7,18.3,11.6,1019.9,91,1.02,0.6,0.9,7.6,15-Jan,Delhi
27,13.3,18.4,9.8,1019.3,79,0.76,1,5.2,14.8,15-Jan,Delhi
28,12.6,18.4,7.9,1017.9,66,0,1.1,10.7,14.8,15-Jan,Delhi
29,12.2,18.7,4.8,1020.1,62,0,1.3,6.1,14.9,15-Jan,Delhi
30,12.7,19.6,6.2,1020.5,61,0,2.1,12,24.1,15-Jan,Delhi
31,13.8,21.5,7.2,1018,60,0,2.4,9.1,24.1,15-Jan,Delhi
1,15.1,24,6.7,1017.6,66,0,1.3,5,11.1,15-Feb,Delhi
2,17.3,23.8,10.4,1017.5,70,0,1,11.9,18.3,15-Feb,Delhi
3,16.7,23.8,13,1020.7,75,0,0.8,7.2,14.8,15-Feb,Delhi
4,14.6,23.1,11.3,1022.1,84,0,0.6,9.3,14.8,15-Feb,Delhi
5,14.4,22.6,9.6,1019.2,62,0,1.4,7.4,18.3,15-Feb,Delhi
6,15.2,24.5,7,1019,64,0,1.8,3,11.1,15-Feb,Delhi
7,15.7,25.6,7.4,1016.9,68,0,1.4,1.9,7.6,15-Feb,Delhi
8,16.7,25.6,9.3,1017.5,66,0,1.4,4.4,13,15-Feb,Delhi
9,16.9,25.5,10.5,1019.9,65,0,2.3,5.6,22.2,15-Feb,Delhi
10,15.8,24.3,9.7,1019.7,65,0,2.4,4.6,11.1,15-Feb,Delhi
11,16.1,24.3,8.3,1017.1,70,0,1.4,1.9,7.6,15-Feb,Delhi
12,15.6,24,8.7,1016,73,0,1.3,5.9,18.3,15-Feb,Delhi
13,17.2,25.5,9.3,1012.8,61,0,2.4,6.7,20.6,15-Feb,Delhi
14,19.3,28.6,10.6,1009.5,65,0,2.6,4.3,14.8,15-Feb,Delhi
15,18.9,28.6,11.2,1012.8,73,0,0.8,1.5,7.6,15-Feb,Delhi
16,20.7,27.1,14.6,1013.6,76,0,1.3,10.4,14.8,15-Feb,Delhi
17,20.7,27.6,16.2,1012.1,78,0,1.4,5.4,14.8,15-Feb,Delhi
18,21.3,28.9,14.4,1011.5,76,0,0.8,5,13,15-Feb,Delhi
19,22.9,29.3,17,1012.4,78,0,1.6,7.6,14.8,15-Feb,Delhi
20,22.8,29.3,18,1013.7,72,2.03,1.9,7.2,14.8,15-Feb,Delhi
21,21.9,29.1,15.2,1014.1,69,0,2.3,11.3,18.3,15-Feb,Delhi
22,22.2,28.6,16,1013.6,65,0,1.9,15.7,25.9,15-Feb,Delhi
23,21.6,28.6,16.6,1014.1,77,0,1.1,3,5.4,15-Feb,Delhi
24,22.9,28.6,15.2,1010.7,75,0,0.8,5.7,11.1,15-Feb,Delhi
25,23.2,28.6,18.4,1008.5,65,0,1.4,6.5,13,15-Feb,Delhi
26,20,27.6,14.5,1009.8,42,0,1.9,6.7,11.1,15-Feb,Delhi
27,19.2,27.6,11.1,1013,49,0,2.6,5.7,11.1,15-Feb,Delhi
28,21.2,29.2,12.6,1012.9,51,0,2.6,7,11.1,15-Feb,Delhi
1,17.3,19,15.2,1011,94,7.87,1.8,14.8,24.1,15-Mar,Delhi
2,17.4,22.1,14.6,1012.6,92,56.9,1.9,6.7,16.5,15-Mar,Delhi
3,16.1,22.1,12.8,1013.8,84,7.11,1.8,5.6,13,15-Mar,Delhi
4,16.8,23.4,10.7,1014,71,0,2.1,6.7,18.3,15-Mar,Delhi
5,18.8,27.1,9.7,1015.6,65,0,2.6,3.7,14.8,15-Mar,Delhi
6,20.2,27.3,14,1016.4,65,0,2.7,5,18.3,15-Mar,Delhi
7,18.6,27.3,12.5,1014,79,7.87,2.6,3.9,13,15-Mar,Delhi
8,19.4,27.6,14,1015.2,79,0.51,2.3,7.8,18.3,15-Mar,Delhi
9,18.1,24.1,13.3,1021.1,60,0,2.7,12.2,20.6,15-Mar,Delhi
10,17.7,23.6,10,1019.1,73,0,1.9,8.5,14.8,15-Mar,Delhi
11,18.3,26,12.2,1018.1,73,0,1.4,6.1,13,15-Mar,Delhi
12,20.6,28.5,12.5,1017,65,0,2.1,5.4,11.1,15-Mar,Delhi
13,21.3,28.3,14.2,1014.7,70,0,1.6,4.1,9.4,15-Mar,Delhi
14,21.6,27.3,15.8,1015.3,71,0,2.6,7.8,20.6,15-Mar,Delhi
15,17.7,27.3,16,1015.3,92,4.06,1.9,11.5,18.3,15-Mar,Delhi
16,20.5,26.6,14.2,1017.5,81,0,2.6,8.5,16.5,15-Mar,Delhi
17,20.8,26.9,14.5,1015.8,74,0,2.6,13.1,20.6,15-Mar,Delhi
18,20.3,25.8,14.5,1013.5,74,0,3.1,12.2,27.8,15-Mar,Delhi
19,21.1,28.3,14,1014.8,69,0,2.4,5.4,13,15-Mar,Delhi
20,22.5,30.2,14.5,1014.8,68,0,2.6,9.1,22.2,15-Mar,Delhi
21,24.9,31.7,15.8,1014.8,65,0,2.6,5.9,13,15-Mar,Delhi
22,24.9,31.7,18.2,1012,68,0,2.4,10.2,24.1,15-Mar,Delhi
23,24.8,32.8,19,1010,69,0,2.7,7.6,18.3,15-Mar,Delhi
24,25.8,34.6,17,1010.2,67,0,2.6,1.5,7.6,15-Mar,Delhi
25,26.8,35.1,18.5,1011.7,68,0,2.3,2.6,11.1,15-Mar,Delhi
26,28.6,36.5,20.3,1012.4,59,0,1.8,9.3,55.4,15-Mar,Delhi
27,27.7,35.6,20.4,1011.7,54,0,2.7,7.4,24.1,15-Mar,Delhi
28,26.9,36.1,17.6,1009.6,56,0,2.7,3.7,13,15-Mar,Delhi
29,25,36.1,20,1008.4,60,0,1.9,13.3,22.2,15-Mar,Delhi
30,23.4,30.1,18.9,1010.5,73,10.92,3.4,14.8,25.9,15-Mar,Delhi
31,25.1,30.8,19,1010.4,70,0,2.1,3.7,11.1,15-Mar,Delhi
1,26.4,32.5,20.3,1007.4,64,0,1.9,2.4,9.4,15-Apr,Delhi
2,28.7,34.7,21,1004.7,53,0,1.9,9.4,18.3,15-Apr,Delhi
3,24.4,34.7,19,1004.6,76,6.1,3.1,7,14.8,15-Apr,Delhi
4,21,30.4,17,1005.5,81,14.99,2.3,1.5,7.6,15-Apr,Delhi
5,23.5,30.3,17.2,1007.4,71,0,2.6,0,0,15-Apr,Delhi
6,25.1,31.4,17.4,1007.6,64,0,2.6,2.8,11.1,15-Apr,Delhi
7,23.9,31.4,19.2,1010.2,69,0,1.9,9.8,13,15-Apr,Delhi
8,25.2,32.2,18.2,1012,56,0,2.6,6.7,16.5,15-Apr,Delhi
9,25.8,32.5,18.6,1010.3,58,0,2.7,9.1,24.1,15-Apr,Delhi
10,27.1,34.7,18.3,1008.6,55,0,2.7,6.3,20.6,15-Apr,Delhi
11,28.3,36.2,19.2,1008.5,50,0,2.7,8.1,22.2,15-Apr,Delhi
12,24.3,36.2,20.2,1012.5,69,2.03,2.1,5.4,11.1,15-Apr,Delhi
13,24.9,32.2,19,1013.7,74,0,2.3,7,13,15-Apr,Delhi
14,26.4,32.5,20,1012.8,68,2.03,2.6,3,11.1,15-Apr,Delhi
15,27.6,34.3,20.8,1013,65,0,3.1,5.9,14.8,15-Apr,Delhi
16,25.2,34.3,21.2,1013.9,64,0,2.6,8.1,22.2,15-Apr,Delhi
17,28,35.3,20,1007.1,54,0,2.7,8.3,20.6,15-Apr,Delhi
18,30.2,38,21.8,1002.4,50,0,2.3,5.6,14.8,15-Apr,Delhi
19,32,40.6,21.6,1003.9,45,0,2.7,4.3,9.4,15-Apr,Delhi
20,32.8,40.6,26,1005.8,45,0,1.9,7.2,11.1,15-Apr,Delhi
21,31.8,39.6,25.4,1005.6,35,0,1.9,11.1,27.8,15-Apr,Delhi
22,30.8,38.6,21,1003.4,33,0,2.7,11.3,27.8,15-Apr,Delhi
23,30.9,39.5,21.1,1004,38,0,2.7,8.1,33.5,15-Apr,Delhi
24,31.1,39.5,22.7,1004.2,47,0,2.6,2.6,9.4,15-Apr,Delhi
25,30.4,39.1,22.2,1005.9,51,0,1.9,13,22.2,15-Apr,Delhi
26,28.8,37.1,22.8,1008,59,0,1.9,15.7,25.9,15-Apr,Delhi
27,30.2,37.1,23.5,1006.7,59,0,1.9,17.6,33.5,15-Apr,Delhi
28,31.1,37.1,24,1004.7,56,0,2.3,12.4,25.9,15-Apr,Delhi
29,31.4,37.2,24.7,1005.1,54,0,2.6,9.1,11.1,15-Apr,Delhi
30,32.7,39.4,25.2,1003.9,52,0,2.6,15,27.8,15-Apr,Delhi
1,31.2,39.4,24.2,1005.8,52,0,2.7,5.4,14.8,15-May,Delhi
2,30.2,37.6,23.6,1006.3,47,0.25,2.6,4.4,11.1,15-May,Delhi
3,30.9,38.9,21.7,1006.7,44,0,2.7,3,11.1,15-May,Delhi
4,30.8,39.5,22,1006.6,43,0,4.2,3.9,13,15-May,Delhi
5,32.3,40.8,21.3,1004.1,34,0,2.6,7.6,20.6,15-May,Delhi
6,34.2,42.7,24.5,1002,27,0,2.7,11.3,22.2,15-May,Delhi
7,35.7,42.7,27.6,1003.4,21,0,1.9,14.4,27.8,15-May,Delhi
8,34.1,42.7,27,1003.2,29,0,1.9,12.2,27.8,15-May,Delhi
9,35.1,42.7,25.7,1001.6,35,0,2.3,8.3,18.3,15-May,Delhi
10,35.1,42.6,26.2,1001.4,33,0,2.3,6.9,14.8,15-May,Delhi
11,34.4,42.3,28.2,1003.5,40,0,1.9,10.4,27.8,15-May,Delhi
12,33.1,39.8,26,1004.9,54,0,1.9,5.9,11.1,15-May,Delhi
13,28.3,38.7,23.8,1006.5,65,2.03,2.4,7.8,14.8,15-May,Delhi
14,29.9,35.9,22,1007.4,56,0,2.6,4.4,11.1,15-May,Delhi
15,28.7,35.8,24.2,1006.5,58,0.51,1.9,7,18.3,15-May,Delhi
16,30.1,37,22,1003.5,58,0,1.9,4.3,11.1,15-May,Delhi
17,33.2,40.3,24.8,1001.1,47,0,2.7,8.3,11.1,15-May,Delhi
18,35.6,42.4,28.1,1000,43,0,2.6,5.6,11.1,15-May,Delhi
19,31.4,41.5,24.9,1002.2,50,0,1.8,14.8,50,15-May,Delhi
20,33.2,41.5,22.4,1002,38,0,2.4,14.6,22.2,15-May,Delhi
21,35.8,42.6,27,1000.4,30,0,2.6,11.3,24.1,15-May,Delhi
22,36.3,43.6,27,998.2,26,0,2.7,12.4,18.3,15-May,Delhi
23,37.3,44.5,29.3,996.2,29,0,2.7,12.8,22.2,15-May,Delhi
24,36.2,44.5,27.5,997.3,36,0,2.3,5.2,14.8,15-May,Delhi
25,37.8,45.5,28,996.7,29,0,2.6,10.9,22.2,15-May,Delhi
26,35.3,45.5,24.4,999.2,33,0,2.3,17,55.4,15-May,Delhi
27,33.8,45,24.8,1001.3,26,0,2.6,6.7,18.3,15-May,Delhi
28,35.1,41.1,29,1000.3,37,0,1.9,8,31.7,15-May,Delhi
29,35.1,42,27,1001.9,35,0,1.9,8,14.8,15-May,Delhi
30,35.3,42.6,27.6,1001.8,36,0,1.9,9.6,25.9,15-May,Delhi
31,35.3,40.6,28.9,1000.7,30,0,1.9,15.2,27.8,15-May,Delhi
1,30.1,40.6,23.5,1002.2,47,0,1.9,14.3,29.4,15-Jun,Delhi
2,31.6,39.9,22.2,1003.4,46,3.05,1.9,8.5,20.6,15-Jun,Delhi
3,28.7,34.1,23.6,1004.3,59,0.51,1.9,6.7,11.1,15-Jun,Delhi
4,31.8,38.6,23.7,1004.1,55,0,1.9,4.8,13,15-Jun,Delhi
5,32.8,38.8,26,1003.5,47,0,1.9,5.9,18.3,15-Jun,Delhi
6,33.3,38.8,25.8,1001.3,45,0,2.3,7.8,18.3,15-Jun,Delhi
7,35.1,42.5,26,999.4,42,0,2.6,7.2,16.5,15-Jun,Delhi
8,36.3,42.9,27.7,998.7,38,0,2.6,6.3,22.2,15-Jun,Delhi
9,37.6,42.4,30,998.8,32,0,1.9,18.7,27.8,15-Jun,Delhi
10,36.7,42.4,31.6,999.8,42,0,1.9,19.1,27.8,15-Jun,Delhi
11,35.8,41.7,29.6,1000,43,0,2.6,18.3,29.4,15-Jun,Delhi
12,35.9,41.6,29,998.5,43,0,2.7,12.8,22.2,15-Jun,Delhi
13,31.9,41.6,28,998.8,52,0,2.3,9.4,14.8,15-Jun,Delhi
14,27,39.7,20.5,1000.2,82,25.91,1.9,3.9,13,15-Jun,Delhi
15,30.8,34.9,25.5,999.4,66,1.02,1.9,3.1,9.4,15-Jun,Delhi
16,32.3,38.6,26,999.3,58,0,1.9,2.8,13,15-Jun,Delhi
17,33.8,39.7,26.2,998.1,56,0,1.9,3.1,11.1,15-Jun,Delhi
18,35.1,41.1,27.7,997.3,52,0,1.9,3,7.6,15-Jun,Delhi
19,35.9,41.6,29,996.7,54,0,1.9,8.5,18.3,15-Jun,Delhi
20,33,42.3,27.2,997.8,56,0,1.9,13,25.9,15-Jun,Delhi
21,30.4,34.4,25.3,997,70,7.11,1.9,5.6,20.6,15-Jun,Delhi
22,32.1,38.2,28.6,995.5,65,0,2.7,4.4,14.8,15-Jun,Delhi
23,31.6,39.4,27.2,994.9,67,1.02,2.6,3.7,14.8,15-Jun,Delhi
24,29.8,35.2,24.2,995.5,75,1.02,1.3,7.4,9.4,15-Jun,Delhi
25,26.5,36.8,22.4,994.9,86,21.08,1.8,6.3,11.1,15-Jun,Delhi
26,31.5,36.8,24,994.7,62,0.25,1.8,11.7,22.2,15-Jun,Delhi
27,32.7,38,27,996.9,56,0,1.9,14.1,29.4,15-Jun,Delhi
28,34.4,39,27,999.7,56,0,1.9,9.1,20.6,15-Jun,Delhi
29,31.1,39,26.2,1004,64,0,1.9,11.7,18.3,15-Jun,Delhi
30,31.1,36.2,27.7,1002.3,65,0,1.9,10,14.8,15-Jun,Delhi
1,31.9,37.8,25,1001.8,61,0,1.9,4.3,9.4,15-Jul,Delhi
2,33.8,38.9,27,1001.1,54,0,1.9,7,13,15-Jul,Delhi
3,33.4,39.8,27.6,999.7,54,0,1.9,13,25.9,15-Jul,Delhi
4,34.1,39.8,26.6,997.8,60,0,1.9,16.9,27.8,15-Jul,Delhi
5,35.3,38.4,31.2,995.3,56,0,1.8,13.5,25.9,15-Jul,Delhi
6,27.8,38.4,25.6,997.9,85,6.1,1.9,9.3,13,15-Jul,Delhi
7,28.3,33.6,23.3,998.4,87,10.92,1.9,1.7,7.6,15-Jul,Delhi
8,31.2,35.8,24.8,998.6,77,26.92,1.9,2.8,11.1,15-Jul,Delhi
9,29.7,35.8,25.2,998.9,82,1.02,1.9,2.6,9.4,15-Jul,Delhi
10,27,33.4,26,998.6,93,1.02,1.4,5,20.6,15-Jul,Delhi
11,25.5,27.9,23,999.6,99,0,0.6,3.1,11.1,15-Jul,Delhi
12,25.5,26.6,23,998.7,96,69.09,1.8,7.4,18.3,15-Jul,Delhi
13,29.9,33.7,23.3,1000.6,78,7.11,2.6,4.8,11.1,15-Jul,Delhi
14,31.1,35.6,26.4,998.5,73,0,1.9,10.9,18.3,15-Jul,Delhi
15,33.4,37,27,994.1,61,0,1.9,17.2,29.4,15-Jul,Delhi
16,31.8,37.5,28.9,994.4,68,0,1.9,13.3,18.3,15-Jul,Delhi
17,30.9,37.5,27,997.3,80,0.25,1.9,4.4,13,15-Jul,Delhi
18,29.6,34.8,27.2,997.9,83,0,1.9,4.1,14.8,15-Jul,Delhi
19,30.1,34.7,26,997.7,76,2.03,1.9,0.7,5.4,15-Jul,Delhi
20,29.1,34.7,24.4,999.2,82,3.05,1.9,4.8,11.1,15-Jul,Delhi
21,31.5,35.7,25.7,999.9,74,4.06,1.9,8.1,13,15-Jul,Delhi
22,32.3,36.7,27.5,1001,70,0,1.9,8,11.1,15-Jul,Delhi
23,32.1,36.7,27.6,1001.7,72,0,1.9,8.7,14.8,15-Jul,Delhi
24,32,36.5,27.8,1000.9,71,0,1.9,6.7,14.8,15-Jul,Delhi
25,31.3,36.5,27.3,999.3,73,0,2.7,8.7,14.8,15-Jul,Delhi
26,30,36.6,27,998.8,76,6.1,2.6,16.9,25.9,15-Jul,Delhi
27,29.7,34.7,24.6,1000.2,74,4.06,2.7,11.3,18.3,15-Jul,Delhi
28,29.5,34.7,24.5,1000.1,68,0.25,2.6,11.5,18.3,15-Jul,Delhi
29,28.6,34.1,24.2,997.9,75,0,1.9,10.9,18.3,15-Jul,Delhi
30,29,32,25.2,998.8,74,0,1.9,10,14.8,15-Jul,Delhi
31,28.9,31.6,25,999.7,77,0.51,1.9,4.1,14.8,15-Jul,Delhi
1,28.4,32.6,25.4,1002.7,77,2.03,1.9,0.9,7.6,15-Aug,Delhi
2,29.8,33.9,25,1003.5,75,0.25,1.9,2.6,7.6,15-Aug,Delhi
3,31.6,35.5,25.4,1001.9,63,0,1.9,5.4,11.1,15-Aug,Delhi
4,31.2,36.8,26,999.6,73,0,1.9,1.9,9.4,15-Aug,Delhi
5,29.9,36.8,26.5,998.5,82,0.25,1.9,3.7,11.1,15-Aug,Delhi
6,29.8,35.1,25.5,998.2,83,14.99,1.8,3,5.4,15-Aug,Delhi
7,29.4,34.4,26.4,999.9,86,0,1.8,2.2,14.8,15-Aug,Delhi
8,28.8,34.4,25.3,1001.7,88,16,1.6,1.7,7.6,15-Aug,Delhi
9,27.5,30.8,25,1000.2,92,29.97,1.3,3,7.6,15-Aug,Delhi
10,30.6,34.7,25.5,999.9,81,40.89,1.8,0,0,15-Aug,Delhi
11,28.4,34.6,26.4,1003,90,99.31,1.4,0.4,3.5,15-Aug,Delhi
12,30.5,35.5,26.5,1003.2,79,0,1.6,0,0,15-Aug,Delhi
13,31.9,35.8,28,1001.8,75,0,1.9,0.4,3.5,15-Aug,Delhi
14,30.9,35.8,28.6,1001.8,78,0,1.9,3.3,14.8,15-Aug,Delhi
15,28.5,33.8,26.2,1002.7,88,7.87,1.4,0,0,15-Aug,Delhi
16,28.4,34.6,26.4,1002.4,87,2.03,1.8,2.4,14.8,15-Aug,Delhi
17,30.7,35.2,26.5,1001.4,77,6.1,1.9,0.7,5.4,15-Aug,Delhi
18,29.3,35.2,26.7,1002.3,77,0,1.9,4.8,16.5,15-Aug,Delhi
19,31.6,35.6,25.8,1002.7,67,2.03,2.9,13,22.2,15-Aug,Delhi
20,30.9,35.5,27.7,1001.5,66,0,1.9,14.6,27.8,15-Aug,Delhi
21,29.5,34.5,27.6,1002,77,7.11,1.9,8.5,18.3,15-Aug,Delhi
22,30.1,33.6,26.3,1000.8,72,0,1.9,5.7,14.8,15-Aug,Delhi
23,30,35.2,25.1,1000.9,74,0,1.8,5.6,13,15-Aug,Delhi
24,30.7,35.2,23.6,1001.9,71,55.88,2.6,7.2,16.5,15-Aug,Delhi
25,32,35.6,27,1000.9,64,0,3.4,10,20.6,15-Aug,Delhi
26,31.9,36.2,28,1001.1,68,0,2.6,4.8,14.8,15-Aug,Delhi
27,32.4,36.9,28.1,1001.9,68,0,2.7,5.4,11.1,15-Aug,Delhi
28,32.2,36.9,28.6,1002.5,69,0,1.9,2.2,7.6,15-Aug,Delhi
29,32.3,37,27.5,1001.3,65,0,1.9,5.7,11.1,15-Aug,Delhi
30,32.7,37,29.2,1001.3,63,0,1.9,9.3,18.3,15-Aug,Delhi
31,32.2,36.8,28.4,1002,61,0,2.6,14.6,24.1,15-Aug,Delhi
1,32.1,36.6,28,1000.8,56,0,1.9,15.4,25.9,15-Sep,Delhi
2,31.9,36.6,27.5,1001.7,54,0,1.9,12.8,24.1,15-Sep,Delhi
3,31.4,36.5,27.6,1005.5,56,0,1.9,11.7,25.9,15-Sep,Delhi
4,31.9,37.1,26.9,1008,49,0,3.1,11.3,22.2,15-Sep,Delhi
5,31,37.1,26.5,1007.1,54,0,2.6,7.6,22.2,15-Sep,Delhi
6,32,36.6,25.5,1006.1,49,0,1.9,8.7,24.1,15-Sep,Delhi
7,31.5,36.9,26.6,1005.7,53,0,1.9,9.4,22.2,15-Sep,Delhi
8,31.9,36.9,26.8,1005.8,54,0,2.7,11.9,35.2,15-Sep,Delhi
9,31,36.7,26.4,1005.7,54,0,2.6,10.2,31.7,15-Sep,Delhi
10,31.5,37.6,25.5,1006.7,52,0,2.6,8.5,18.3,15-Sep,Delhi
11,30.9,37.5,25.5,1006.3,55,0,2.7,6.1,14.8,15-Sep,Delhi
12,32.3,37.8,25.7,1006.4,59,0,1.9,3.1,7.6,15-Sep,Delhi
13,32.2,37.9,27.3,1005.8,61,0,1.9,1.3,3.5,15-Sep,Delhi
14,31.8,37.9,26.8,1003.5,59,0,1.9,2.6,9.4,15-Sep,Delhi
15,32.9,38,27.5,1003.3,62,0,1.9,0.4,3.5,15-Sep,Delhi
16,32.4,38,28.3,1003.5,62,0,1.9,1.3,5.4,15-Sep,Delhi
17,31.6,37.5,26.5,1004.5,65,0,1.9,1.1,5.4,15-Sep,Delhi
18,31.2,36.5,27.2,1005.3,73,0,3.1,7.4,14.8,15-Sep,Delhi
19,30.4,35.9,26,1003.6,78,22.1,1.6,2,7.6,15-Sep,Delhi
20,29.1,34.8,27.2,1003.4,76,0,1.9,4.6,11.1,15-Sep,Delhi
21,30.2,36.5,26.2,1002.3,70,0,1.9,5.7,14.8,15-Sep,Delhi
22,30.1,35.8,26.5,1002.3,70,0.25,1.9,10.2,14.8,15-Sep,Delhi
23,28.6,35.2,25.2,1006.5,68,0,1.9,13.7,24.1,15-Sep,Delhi
24,28.3,33.7,24.6,1004.6,59,0,1.9,11.5,25.9,15-Sep,Delhi
25,28.4,33.9,23.5,1003.8,55,0,2.6,8.5,20.6,15-Sep,Delhi
26,29.4,35.1,23.7,1005.3,60,0,2.3,6.3,14.8,15-Sep,Delhi
27,28.6,35.2,25,1007.2,64,0,2.3,3,9.4,15-Sep,Delhi
28,28.3,35.2,23.8,1008.9,63,0,1.9,3.9,11.1,15-Sep,Delhi
29,29.1,34.3,22.7,1010.6,59,0,2.6,9.4,18.3,15-Sep,Delhi
30,28.9,35,22.5,1011.5,54,0,3.5,8.3,14.8,15-Sep,Delhi
1,28.1,35.3,21.5,1011.8,56,0,2.6,5.6,13,15-Oct,Delhi
2,28.3,35.5,20.6,1011.1,57,0,3.2,5,0,15-Oct,Delhi
3,30.1,36.1,23.7,1007.8,58,0,3.1,5.7,0,15-Oct,Delhi
4,29.1,37.2,22.4,1008,60,0,3.1,3,9.4,15-Oct,Delhi
5,28.9,37.2,22,1009.5,65,0,2.3,1.5,7.6,15-Oct,Delhi
6,28.4,36.8,22.8,1008.9,68,0,2.6,4.6,14.8,15-Oct,Delhi
7,28.6,35.6,22.7,1009,72,0,1.9,6.5,18.3,15-Oct,Delhi
8,28.5,35.4,23.2,1007.3,70,0,1.9,4.4,14.8,15-Oct,Delhi
9,28.6,36,21.8,1004.3,65,0,1.9,6.1,24.1,15-Oct,Delhi
10,28.6,36.9,20.2,1005,60,0,2.6,6.7,18.3,15-Oct,Delhi
11,28.6,36.9,21.2,1008.5,56,0,3.2,6.9,18.3,15-Oct,Delhi
12,29.3,36.8,21.5,1010.1,61,0,2.6,3.1,13,15-Oct,Delhi
13,29.6,35.5,25,1011,69,0,1.9,3.7,9.4,15-Oct,Delhi
14,28.2,34.9,22.9,1012.7,70,0,1.9,3.9,9.4,15-Oct,Delhi
15,27.6,34.9,21.5,1013.6,71,0.51,1.8,0.4,3.5,15-Oct,Delhi
16,28.1,35.3,21.8,1013.6,69,0,1.9,0.9,3.5,15-Oct,Delhi
17,28.2,35.3,22.6,1012.1,69,0,1.9,3.7,11.1,15-Oct,Delhi
18,26.8,35.1,22,1013.4,75,0,1.9,0.6,0,15-Oct,Delhi
19,28.2,36.1,21.9,1011.7,70,0,1.9,3.5,9.4,15-Oct,Delhi
20,27.7,36.2,22.9,1009.9,69,0,1.9,3,9.4,15-Oct,Delhi
21,26.6,36.2,21,1012,68,0,1.6,2,7.6,15-Oct,Delhi
22,24.7,33.6,17.8,1012.1,61,0,1.9,4.4,14.8,15-Oct,Delhi
23,24.1,33.2,17.3,1011.9,58,0,1.9,4.8,14.8,15-Oct,Delhi
24,24.9,33.7,18,1011.6,58,0,1.9,1.3,5.4,15-Oct,Delhi
25,26.4,34.4,18.3,1012.8,53,0,2.1,5.4,14.8,15-Oct,Delhi
26,25.4,34.4,20.3,1015,59,0,1.9,5.6,16.5,15-Oct,Delhi
27,24.7,33.3,18.5,1014,61,0,2.3,3.5,7.6,15-Oct,Delhi
28,20.8,26.3,17.6,1015.7,65,0,1.9,8,24.1,15-Oct,Delhi
29,22.1,28.8,15.3,1016.8,69,0,1.9,1.9,3.5,15-Oct,Delhi
30,22.4,29.7,15.9,1016.8,71,0,2.7,1.5,5.4,15-Oct,Delhi
31,22.3,29.8,15.6,1016,73,0,1.6,1.1,5.4,15-Oct,Delhi
1,22.9,31.4,16.2,1016.1,73,0,1.4,0.9,3.5,15-Nov,Delhi
2,23.4,31.8,17.3,1015.8,75,0,1.6,0.4,3.5,15-Nov,Delhi
3,23.9,31.8,18.6,1014.2,73,0,1.8,0.4,1.9,15-Nov,Delhi
4,23.8,31.9,17.5,1012.2,72,0,1.6,0.9,3.5,15-Nov,Delhi
5,22.2,31.9,19.6,1012.4,79,0,1.9,5,9.4,15-Nov,Delhi
6,23,30.2,17.4,1012.4,79,0,1.4,2.2,7.6,15-Nov,Delhi
7,21.9,30.2,16.1,1014.8,79,0,0.5,1.1,7.6,15-Nov,Delhi
8,21.9,29,17.1,1016,75,0,1.1,1.9,5.4,15-Nov,Delhi
9,22.1,29.8,16.1,1015,77,0,1.3,0.7,3.5,15-Nov,Delhi
10,22.7,29.8,16,1013.4,77,0,1,0.7,5.4,15-Nov,Delhi
11,21.8,29.4,15.4,1014.4,64,0,1.4,4.6,13,15-Nov,Delhi
12,21.9,29.3,16.5,1015.2,65,0,1.6,5.7,16.5,15-Nov,Delhi
13,22.3,29.3,16.1,1014.9,64,0,0.8,5.4,18.3,15-Nov,Delhi
14,22.4,29.8,16.5,1012,65,0,1.1,3.5,13,15-Nov,Delhi
15,22.6,32,15,1011.9,66,0,1.6,0,0,15-Nov,Delhi
16,21.9,32,16,1012.4,56,0,1.9,2.8,7.6,15-Nov,Delhi
17,19.9,29.2,13.9,1013.5,55,0,2.4,5,14.8,15-Nov,Delhi
18,18.6,28.6,11,1016.4,62,0,1.4,4.4,11.1,15-Nov,Delhi
19,18.5,27.7,11.5,1017.6,68,0,1.3,0.9,7.6,15-Nov,Delhi
20,18.6,27.7,11.4,1016.4,69,0,1.1,0.4,3.5,15-Nov,Delhi
21,18.8,28.5,11.5,1015.4,69,0,0.8,1.3,3.5,15-Nov,Delhi
22,18.7,29.2,11.8,1015.1,68,0,1.3,0.4,3.5,15-Nov,Delhi
23,17.1,29.3,11,1015.8,74,0,1.1,0,0,15-Nov,Delhi
24,18.5,29.3,11.1,1016.1,66,0,1,1.7,13,15-Nov,Delhi
25,19.3,28,13,1014.7,61,0,1.9,5.7,18.3,15-Nov,Delhi
26,20,29.1,11.9,1012.6,64,0,1.4,0.9,7.6,15-Nov,Delhi
27,18.4,29.1,13.5,1011.4,71,0,1.3,2.6,7.6,15-Nov,Delhi
28,19.1,24.5,14.7,1015.7,84,0,0.5,1.3,5.4,15-Nov,Delhi
29,18.2,24.5,12.2,1018.1,85,0,0.3,1.1,5.4,15-Nov,Delhi
30,19.7,28,14,1016.7,84,0,0.5,0.9,7.6,15-Nov,Delhi
1,19.3,28,13.8,1014.7,81,0,0.6,1.7,7.6,15-Dec,Delhi
2,17.9,26.2,13.5,1016.2,75,0,0.8,2,11.1,15-Dec,Delhi
3,17.6,24.6,11.2,1016.1,75,0,0.8,7,18.3,15-Dec,Delhi
4,17.7,26.7,12.4,1014.9,71,0,1.3,4.6,14.8,15-Dec,Delhi
5,17.4,27.6,10.1,1015.8,74,0,1,0.9,7.6,15-Dec,Delhi
6,17.2,27.6,10.5,1016.4,78,0,0.6,1.5,9.4,15-Dec,Delhi
7,17.8,26.2,11,1017.1,79,0,0.6,2,7.6,15-Dec,Delhi
8,20.2,27,12,1015.8,68,0,1,1.3,5.4,15-Dec,Delhi
9,19.2,26.9,11.6,1015.4,78,0,1,4.8,14.8,15-Dec,Delhi
10,20.1,25.5,13.7,1011.7,74,0,1,3.7,9.4,15-Dec,Delhi
11,18.3,25.5,13.4,1011.3,76,0,1,6.3,18.3,15-Dec,Delhi
12,13.7,22.2,10.8,1014.3,91,0,0.5,6.5,14.8,15-Dec,Delhi
13,14.8,21,6.8,1016.4,63,0,2.4,5.4,13,15-Dec,Delhi
14,14.6,21.3,6,1017.1,59,0,2.6,8.1,14.8,15-Dec,Delhi
15,15.2,22.2,7,1016.5,60,0,2.4,7,14.8,15-Dec,Delhi
16,15.3,23.3,5.2,1016.3,56,0,2.6,1.7,7.6,15-Dec,Delhi
17,13.6,23.3,5.4,1016.9,72,0,1.3,1.7,7.6,15-Dec,Delhi
18,14.4,21.2,6.4,1018.7,68,0,1.1,5.9,14.8,15-Dec,Delhi
19,14.4,21.1,6.8,1019.1,65,0,1.6,5.6,13,15-Dec,Delhi
20,12.6,21,0,1018.9,68,0,1.4,2.6,9.4,15-Dec,Delhi
21,13.7,21,5.6,1018.8,71,0,1.3,1.5,7.6,15-Dec,Delhi
22,13.6,21,6,1020.9,75,0,0.8,0.4,5.4,15-Dec,Delhi
23,13.6,20.4,6.5,1020.6,80,0,0.6,4.6,9.4,15-Dec,Delhi
24,13.1,19.2,6.7,1021.3,67,0,1.3,8.5,18.3,15-Dec,Delhi
25,13.3,19.3,5.5,1021.9,62,0,1.9,7.8,14.8,15-Dec,Delhi
26,14.4,21.5,5.5,1021,60,0,1.8,8.9,18.3,15-Dec,Delhi
27,16.3,22.5,7.6,1020.6,64,0,1.4,8.1,14.8,15-Dec,Delhi
28,18.3,24.5,12,1020.8,58,0,2.1,14.1,22.2,15-Dec,Delhi
29,17.8,24.5,10.6,1018.2,64,0,1.6,10.2,18.3,15-Dec,Delhi
30,18,25.1,8.5,1017.7,64,0,1.3,3.5,9.4,15-Dec,Delhi
31,0,0,0,0,0,0,0,0,0,15-Dec,Delhi
1,22.3,29.5,19.2,0,77,7.62,6.3,0.9,3.5,15-Jan,Bangalore
2,22.2,29.2,17.6,0,71,1.52,5.5,1.9,7.6,15-Jan,Bangalore
3,22.1,29.2,18.7,0,76,0,6,1.3,3.5,15-Jan,Bangalore
4,22.8,28.8,19,0,71,0,6,2.8,5.4,15-Jan,Bangalore
5,22.2,28.8,18.4,0,68,0,7.7,0.9,3.5,15-Jan,Bangalore
6,21.9,28.1,18.6,0,61,0,6.9,0.4,3.5,15-Jan,Bangalore
7,21.9,28.6,17.4,0,60,0,6.9,0.4,3.5,15-Jan,Bangalore
8,22.1,28.6,17.6,0,71,0,6.3,0.6,3.5,15-Jan,Bangalore
9,21.6,27.6,18.5,0,72,0,6.3,1.9,3.5,15-Jan,Bangalore
10,20.6,28.3,15.6,0,53,0,8.2,1.3,3.5,15-Jan,Bangalore
11,20.3,28.6,13.6,0,50,0,6.3,1.3,3.5,15-Jan,Bangalore
12,19.4,26.7,15,0,54,0,6.3,0.4,3.5,15-Jan,Bangalore
13,19.4,27.1,13.7,0,60,0,8.5,0.9,3.5,15-Jan,Bangalore
14,19.4,27.1,13.7,0,67,0,6,0.2,1.9,15-Jan,Bangalore
15,20.1,27.1,14.7,0,63,0,6.3,2.8,7.6,15-Jan,Bangalore
16,21.1,28.3,15.7,0,68,0,6.3,2.2,3.5,15-Jan,Bangalore
17,21.4,27.9,18,0,70,0,6.3,2.2,3.5,15-Jan,Bangalore
18,21.4,28.2,15.9,0,63,0,7.7,2,3.5,15-Jan,Bangalore
19,21.3,28.2,15.4,0,61,0,8.5,3.3,5.4,15-Jan,Bangalore
20,20.9,28.2,15.6,0,63,0,6.3,3,5.4,15-Jan,Bangalore
21,21,27.4,15.5,0,61,0,6.3,4.8,7.6,15-Jan,Bangalore
22,21.4,29.2,14.4,0,54,0,6.3,2.8,5.4,15-Jan,Bangalore
23,21.9,28.7,18.6,0,68,0,6.3,4.3,9.4,15-Jan,Bangalore
24,21.6,28.7,18,0,71,0,6.3,4.1,7.6,15-Jan,Bangalore
25,22.1,29.4,17,0,59,0,7.7,3.3,5.4,15-Jan,Bangalore
26,21.3,28.4,15.6,0,57,0,7.7,4.6,7.6,15-Jan,Bangalore
27,21.4,27.9,16,0,60,0,6.3,4.1,9.4,15-Jan,Bangalore
28,21.5,28.2,17.4,0,67,0,6.3,3.5,5.4,15-Jan,Bangalore
29,22.6,28.4,17.3,0,65,0,6.3,2,5.4,15-Jan,Bangalore
30,22.4,28.4,18,0,69,0,6.3,2.8,7.6,15-Jan,Bangalore
31,22.8,30.2,16.6,0,51,0,6.3,3.9,9.4,15-Jan,Bangalore
1,21.9,30.2,16.2,0,53,0,6.3,3.7,7.6,15-Feb,Bangalore
2,21.2,29.3,16.4,0,63,0,6.3,5.2,9.4,15-Feb,Bangalore
3,21.4,28.6,15,0,58,0,6.3,3.9,9.4,15-Feb,Bangalore
4,21.2,28.6,15,0,56,0,6.3,4.1,7.6,15-Feb,Bangalore
5,22.6,29.4,16.8,0,49,0,6.3,4.1,5.4,15-Feb,Bangalore
6,22.8,30.2,15.9,0,49,0,6.9,3.3,7.6,15-Feb,Bangalore
7,22.3,30.2,16.3,0,48,0,6.3,4.1,5.4,15-Feb,Bangalore
8,22.7,30.6,15.7,0,50,0,6.3,3.7,9.4,15-Feb,Bangalore
9,22.2,30.6,15.5,0,54,0,6.3,3.3,5.4,15-Feb,Bangalore
10,21.5,30.1,14.4,0,54,0,6.9,3.5,3.5,15-Feb,Bangalore
11,22.9,30.6,15.8,0,54,0,6.3,3.1,5.4,15-Feb,Bangalore
12,23.7,31.1,18.2,0,55,0,6.3,3.3,5.4,15-Feb,Bangalore
13,24,32,17.7,0,50,0,6.9,1.3,3.5,15-Feb,Bangalore
14,24.7,32.7,17.9,0,43,0,6.3,0.9,3.5,15-Feb,Bangalore
15,24.9,33,16.5,0,32,0,6.3,0.9,3.5,15-Feb,Bangalore
16,24.4,33,17.4,0,36,0,6.3,1.3,3.5,15-Feb,Bangalore
17,24.2,32.6,16.7,0,35,0,6.3,1.3,3.5,15-Feb,Bangalore
18,25.1,33.1,17,0,40,0,6.3,1.1,5.4,15-Feb,Bangalore
19,24.5,33.1,18.6,0,39,0,6.3,1.9,3.5,15-Feb,Bangalore
20,24.2,32.1,16.9,0,37,0,6.9,3.3,11.1,15-Feb,Bangalore
21,23.7,31.7,17.3,0,41,0,6.9,3.1,5.4,15-Feb,Bangalore
22,23.6,31.2,17.1,0,38,0,6.9,2.2,7.6,15-Feb,Bangalore
23,23.8,30.9,17,0,31,0,6.9,1.3,5.4,15-Feb,Bangalore
24,23.6,31.6,15.8,0,25,0,6.9,1.1,5.4,15-Feb,Bangalore
25,24.6,32.4,17,0,27,0,6.9,0.9,3.5,15-Feb,Bangalore
26,25.6,33.5,17.2,0,42,0,6.9,2.2,5.4,15-Feb,Bangalore
27,26.1,33.6,20.1,0,46,0,6.9,3.5,5.4,15-Feb,Bangalore
28,24.9,33.6,21.4,0,64,0.51,6.9,2.2,3.5,15-Feb,Bangalore
1,25.2,32.6,20.8,0,62,0,6.9,3.7,7.6,15-Mar,Bangalore
2,25.8,32.6,21.4,0,62,0,6.9,2.2,3.5,15-Mar,Bangalore
3,23.4,32.4,19.9,0,77,22.1,6.3,1.9,3.5,15-Mar,Bangalore
4,24.1,31.7,19.9,0,70,13.72,6.9,1.5,5.4,15-Mar,Bangalore
5,25.8,32.2,20.2,0,60,0,6.9,2,5.4,15-Mar,Bangalore
6,24.6,32.2,21.4,0,68,0.51,7.4,1.9,5.4,15-Mar,Bangalore
7,25.8,31.4,21.3,0,63,0,6.6,2.6,5.4,15-Mar,Bangalore
8,25.3,31.5,20.1,0,59,0,6.9,3.3,5.4,15-Mar,Bangalore
9,24.5,31.5,19.6,0,65,0,6.9,2.2,3.5,15-Mar,Bangalore
10,24.8,31.7,19.5,0,48,0,6.9,3,5.4,15-Mar,Bangalore
11,24.1,31.7,16.7,0,52,0,6.3,2.2,3.5,15-Mar,Bangalore
12,24.1,30.8,18.6,0,60,0,6.9,3.1,7.6,15-Mar,Bangalore
13,24.5,31.2,18.6,0,54,0,6.9,3.9,5.4,15-Mar,Bangalore
14,25.1,32.7,18.4,0,48,0,6.9,1.9,3.5,15-Mar,Bangalore
15,25.8,32.7,20.4,0,55,0,6.9,3,5.4,15-Mar,Bangalore
16,25.7,32.5,19.9,0,48,0,6.9,3.1,7.6,15-Mar,Bangalore
17,26.2,33.4,18.7,0,34,0,6.9,2.2,3.5,15-Mar,Bangalore
18,26.1,35.1,18.5,0,38,0,6.9,2,5.4,15-Mar,Bangalore
19,26.5,35.1,19.6,0,44,0,6.9,2.2,5.4,15-Mar,Bangalore
20,26.9,34.7,19.5,0,25,0,6.9,2,5.4,15-Mar,Bangalore
21,27.1,34.7,19.6,0,26,0,6.9,0,0,15-Mar,Bangalore
22,28.2,35.8,19.3,0,27,0,6.9,0.9,3.5,15-Mar,Bangalore
23,28.2,35.8,22.4,0,42,0,6.3,1.9,3.5,15-Mar,Bangalore
24,28.4,35.8,23,0,44,0,6.3,1.9,3.5,15-Mar,Bangalore
25,27.9,35.8,22.3,0,43,0,6.3,3,5.4,15-Mar,Bangalore
26,27,34.5,21,0,47,0,6.3,2.8,3.5,15-Mar,Bangalore
27,26.3,34.5,19.9,0,46,0,6.3,2.2,3.5,15-Mar,Bangalore
28,26.7,34.5,20.1,0,45,0,6.9,1.3,3.5,15-Mar,Bangalore
29,27.2,34.6,20.2,0,42,0,6.9,0.9,3.5,15-Mar,Bangalore
30,27.6,34.6,21.3,0,42,0,7.4,1.5,3.5,15-Mar,Bangalore
31,26.5,33.8,22.3,0,58,0,6.9,1.9,3.5,15-Mar,Bangalore
1,26.9,33.4,21.6,0,56,1.27,6.9,2.2,3.5,15-Apr,Bangalore
2,27.9,35.1,22.4,0,53,0,6.9,2.4,5.4,15-Apr,Bangalore
3,28,35.1,22.8,0,54,0,6.9,2.8,3.5,15-Apr,Bangalore
4,29,36.1,23,0,47,0,6.9,0.9,3.5,15-Apr,Bangalore
5,30.3,36.5,25.4,0,47,0,6.9,3.1,5.4,15-Apr,Bangalore
6,29.4,36.5,24.8,0,51,0,6.9,0.9,3.5,15-Apr,Bangalore
7,28.9,35.5,22.7,0,52,0,6.9,1.5,7.6,15-Apr,Bangalore
8,28.2,35.5,24.1,0,55,0,6.9,3.1,3.5,15-Apr,Bangalore
9,28.1,35,23,0,54,0,6.9,4.1,9.4,15-Apr,Bangalore
10,28.4,35,23.9,0,51,0,6.9,1.3,3.5,15-Apr,Bangalore
11,25.9,35,21,0,61,24.89,6.9,2.2,3.5,15-Apr,Bangalore
12,22.7,34.4,20,0,74,5.08,6.3,2.2,3.5,15-Apr,Bangalore
13,21.3,29,18.8,0,77,11.94,6.3,1.3,3.5,15-Apr,Bangalore
14,23.2,30.5,18.1,0,71,8.89,6.9,0.7,5.4,15-Apr,Bangalore
15,23.2,30.5,19.8,0,80,0,6.3,1.5,7.6,15-Apr,Bangalore
16,24.5,30.5,18.8,0,69,19.05,6.9,1.9,3.5,15-Apr,Bangalore
17,24.2,30.5,19.3,0,66,4.32,6.9,0.9,3.5,15-Apr,Bangalore
18,25.5,31.3,19.9,0,59,8.13,7.7,0.4,3.5,15-Apr,Bangalore
19,26.8,32.3,21.4,0,54,0,7.7,0,0,15-Apr,Bangalore
20,26.6,32.3,21.9,0,62,0,6.9,1.3,3.5,15-Apr,Bangalore
21,26.8,32.3,21.7,0,63,0,6.9,0.4,3.5,15-Apr,Bangalore
22,27.2,33.5,22.9,0,61,0,6.9,1.3,3.5,15-Apr,Bangalore
23,24.6,33.5,20,0,74,0,6.9,2.2,14.8,15-Apr,Bangalore
24,25.4,33.4,18.6,0,63,53.34,6.9,0.4,3.5,15-Apr,Bangalore
25,23.9,33.4,19.8,0,70,35.56,6.6,4.3,22.2,15-Apr,Bangalore
26,23.7,31.3,19.2,0,70,35.81,6.3,0.4,3.5,15-Apr,Bangalore
27,25.5,31.1,20.8,0,68,5.08,6.9,1.3,3.5,15-Apr,Bangalore
28,26.4,32.6,22.4,0,67,0,6.9,1.9,5.4,15-Apr,Bangalore
29,25.1,33,21.2,0,73,0,6.9,0.9,3.5,15-Apr,Bangalore
30,23.8,33.4,20.4,0,75,6.1,6.3,1.3,3.5,15-Apr,Bangalore
1,26.8,33.8,20.1,0,61,9.65,6.9,1.9,3.5,15-May,Bangalore
2,24.5,33.8,20.4,0,73,0,6.9,2.2,7.6,15-May,Bangalore
3,25.7,33.3,20,0,65,12.19,6.9,1.9,7.6,15-May,Bangalore
4,26.2,32,22.5,0,72,0,6.9,1.9,3.5,15-May,Bangalore
5,26.7,31.5,21.1,0,63,0,6.9,1.9,7.6,15-May,Bangalore
6,25.7,31.5,22.7,0,70,0,6.3,0.4,3.5,15-May,Bangalore
7,26.6,30.8,22.2,0,68,0,6.9,1.3,3.5,15-May,Bangalore
8,27.7,33.4,22.2,0,61,0,6.9,2,5.4,15-May,Bangalore
9,25.9,33.4,23.3,0,62,0,6,3.1,7.6,15-May,Bangalore
10,27.2,33.1,23.7,0,69,0,6.9,1.9,3.5,15-May,Bangalore
11,25.1,31.5,22.6,0,74,0,5.8,1.5,3.5,15-May,Bangalore
12,24.8,32,22,0,72,0,5.5,1.3,3.5,15-May,Bangalore
13,24.2,32,21.9,0,71,2.54,6.9,0.2,1.9,15-May,Bangalore
14,24.9,29.6,21.6,0,71,0.25,6.9,1.9,3.5,15-May,Bangalore
15,24.9,31.2,22.2,0,77,0,6.3,3.1,7.6,15-May,Bangalore
16,23.1,31.2,21.2,0,86,0.51,5.5,2.2,7.6,15-May,Bangalore
17,23.3,30.1,20.3,0,82,66.29,6.8,1.9,7.6,15-May,Bangalore
18,24.9,31.2,19.7,0,80,15.75,6.9,3.1,9.4,15-May,Bangalore
19,24.8,32,20.2,0,78,0,6.3,4.6,11.1,15-May,Bangalore
20,26.3,33,19.1,0,76,39.12,6.9,5.2,7.6,15-May,Bangalore
21,26.6,33,22.5,0,75,0,6.9,7.6,18.3,15-May,Bangalore
22,26.9,32,22.8,0,75,0,6.9,8.3,14.8,15-May,Bangalore
23,26.1,32,22.5,0,72,0,6.9,7.6,11.1,15-May,Bangalore
24,27.3,33.3,22.5,0,69,0,6.9,4.4,7.6,15-May,Bangalore
25,27.3,33.3,22.3,0,63,0,6.3,5.6,9.4,15-May,Bangalore
26,27.1,33,22.3,0,66,0,6.3,5.2,9.4,15-May,Bangalore
27,25.2,32.2,19.2,0,72,0,6.9,6.5,9.4,15-May,Bangalore
28,23.5,29.8,19,0,82,13.21,6.3,4.4,9.4,15-May,Bangalore
29,24.5,32.4,20,0,77,0.51,6.3,4.3,7.6,15-May,Bangalore
30,26.6,32.4,19.5,0,68,18.03,6.9,3.7,7.6,15-May,Bangalore
31,24.2,32.2,19.9,0,81,0,6.6,5.4,9.4,15-May,Bangalore
1,24.3,31,19.9,0,77,0,6.6,3.7,7.6,15-Jun,Bangalore
2,24.5,31,20.7,0,78,0,6.9,4.8,7.6,15-Jun,Bangalore
3,24.6,30.5,21.2,0,81,0.25,6.9,2.4,5.4,15-Jun,Bangalore
4,23.7,30.5,21,0,83,4.57,6.3,2.2,7.6,15-Jun,Bangalore
5,24.7,30.6,20.2,0,81,7.11,5.1,3,7.6,15-Jun,Bangalore
6,26.2,32,21.4,0,74,0,6.9,4.3,5.4,15-Jun,Bangalore
7,26.2,32,21.6,0,65,0,6.9,7.4,14.8,15-Jun,Bangalore
8,25.4,31.2,21.3,0,72,0.51,6.9,7.8,14.8,15-Jun,Bangalore
9,24.7,31.2,21.2,0,76,3.05,6.9,6.3,9.4,15-Jun,Bangalore
10,24.8,32,21.1,0,76,1.02,6.3,5,7.6,15-Jun,Bangalore
11,24.9,32,21.2,0,77,6.86,6.9,6.5,11.1,15-Jun,Bangalore
12,23.9,31.4,20.8,0,78,1.02,6.3,6.3,7.6,15-Jun,Bangalore
13,23.7,29.7,20.5,0,80,0.51,6.9,5,7.6,15-Jun,Bangalore
14,22.6,29.7,20.1,0,84,18.54,6.9,5.7,11.1,15-Jun,Bangalore
15,24.1,29,19.8,0,72,0,5.8,5.4,11.1,15-Jun,Bangalore
16,23.9,29,21,0,77,0.76,6.9,8.3,11.1,15-Jun,Bangalore
17,23,28.3,20.4,0,75,0,5.5,8.3,11.1,15-Jun,Bangalore
18,23.3,27.4,20.1,0,74,1.27,6.3,10,14.8,15-Jun,Bangalore
19,23.1,27.4,21.2,0,83,0,5.5,8.1,14.8,15-Jun,Bangalore
20,23.2,28.3,20.8,0,80,1.78,6.3,12,16.5,15-Jun,Bangalore
21,22.7,28.3,20.6,0,85,0.51,5.5,6.9,11.1,15-Jun,Bangalore
22,23.9,28.7,20.8,0,78,2.54,6.9,9.1,14.8,15-Jun,Bangalore
23,22.6,28.7,20.5,0,86,0,6.3,10.7,18.3,15-Jun,Bangalore
24,24.5,30.3,21.2,0,77,0.25,6.9,11.7,18.3,15-Jun,Bangalore
25,24.5,30.6,21.1,0,78,0.51,6.9,8.3,11.1,15-Jun,Bangalore
26,23.7,30.6,21.4,0,81,0,6.9,8.9,11.1,15-Jun,Bangalore
27,24.1,29,20.4,0,76,0,6.9,12.2,18.3,15-Jun,Bangalore
28,25.4,30.4,21,0,72,0,7.4,6.9,7.6,15-Jun,Bangalore
29,24.3,32,20.6,0,76,0,6.9,4.8,7.6,15-Jun,Bangalore
30,24.9,32,20.4,0,76,2.29,6.9,4.1,5.4,15-Jun,Bangalore
1,24.6,30.7,20.6,0,71,0,6.9,5.2,7.6,15-Jul,Bangalore
2,24.2,30.3,20.4,0,75,0,6.3,8.1,14.8,15-Jul,Bangalore
3,24.6,30.2,20.4,0,76,0,6.3,5.7,7.6,15-Jul,Bangalore
4,24.9,30.6,20.8,0,73,0.51,6.9,6.3,11.1,15-Jul,Bangalore
5,25.6,31.2,20.7,0,69,0,6.9,6.7,9.4,15-Jul,Bangalore
6,24.5,31.2,20.6,0,66,0,6.9,10.4,14.8,15-Jul,Bangalore
7,23.7,30.7,19.3,0,74,3.05,6.9,6.9,11.1,15-Jul,Bangalore
8,23.8,30.6,20.2,0,76,0,6.9,6.7,14.8,15-Jul,Bangalore
9,24,29.2,20.8,0,78,7.11,6.3,6.9,11.1,15-Jul,Bangalore
10,23.4,29.2,21.1,0,80,17.02,4.8,5.2,7.6,15-Jul,Bangalore
11,23.2,28.8,20.2,0,85,3.05,5.5,5.6,9.4,15-Jul,Bangalore
12,24.8,31.3,19.7,0,74,0,6.9,6.3,9.4,15-Jul,Bangalore
13,25.4,31.6,20.8,0,71,0,6.9,6.5,11.1,15-Jul,Bangalore
14,25.2,31.6,21.4,0,73,0,6.9,6.5,11.1,15-Jul,Bangalore
15,23.9,30,21.2,0,77,0,6.9,7.8,11.1,15-Jul,Bangalore
16,23.3,30.3,20.2,0,81,0,6.3,4.8,9.4,15-Jul,Bangalore
17,23.3,30.3,20.4,0,83,9.4,5.5,7.6,11.1,15-Jul,Bangalore
18,22.9,28.1,20.7,0,83,0.51,5.5,5.7,11.1,15-Jul,Bangalore
19,21.8,29.8,20,0,86,12.19,4.8,8.1,14.8,15-Jul,Bangalore
20,22.6,29,18.8,0,84,2.03,5.3,6.1,9.4,15-Jul,Bangalore
21,22.4,29,20.1,0,88,26.16,5.5,4.3,9.4,15-Jul,Bangalore
22,23.1,29.1,20.1,0,83,7.37,6.9,7.6,14.8,15-Jul,Bangalore
23,23.9,29.1,20,0,80,3.3,6.9,5.4,9.4,15-Jul,Bangalore
24,23.8,28.9,20.4,0,77,0,6.9,5.9,9.4,15-Jul,Bangalore
25,23.2,28.1,20.1,0,83,1.02,6.9,6.1,11.1,15-Jul,Bangalore
26,23.3,27.8,20.4,0,79,0,6.9,6.3,9.4,15-Jul,Bangalore
27,23.4,28,20.8,0,79,0,5.5,8.3,11.1,15-Jul,Bangalore
28,24.1,28.9,20,0,73,0,6.9,6.3,9.4,15-Jul,Bangalore
29,25,30,19.8,0,64,0,6.9,7.6,11.1,15-Jul,Bangalore
30,24,30,20.1,0,70,0,6.9,5.4,7.6,15-Jul,Bangalore
31,23.9,29.9,20,0,76,0,6.9,5,7.6,15-Jul,Bangalore
1,23.7,30.3,20.6,0,76,0.25,6.9,5.2,7.6,15-Aug,Bangalore
2,24,30.3,20.6,0,75,3.05,6.9,6.5,9.4,15-Aug,Bangalore
3,23.6,28.8,21,0,77,0,6.3,5.9,11.1,15-Aug,Bangalore
4,22.9,29,20.4,0,81,0,6.3,6.1,9.4,15-Aug,Bangalore
5,23,29.7,19.8,0,80,13.97,6.9,7,9.4,15-Aug,Bangalore
6,23.7,29.7,19.5,0,75,2.79,6.9,7.4,11.1,15-Aug,Bangalore
7,22.6,29.3,20.3,0,83,0.25,5.5,5.7,9.4,15-Aug,Bangalore
8,23.6,28.5,20.4,0,79,0,6.3,6.1,7.6,15-Aug,Bangalore
9,23.3,28.5,20.6,0,80,2.03,6.9,3.7,7.6,15-Aug,Bangalore
10,22.8,27.6,20.3,0,86,3.05,6.9,5.6,9.4,15-Aug,Bangalore
11,23.1,29,20.1,0,83,20.07,6.9,4.4,5.4,15-Aug,Bangalore
12,22.5,29,20,0,85,0,6.9,4.6,9.4,15-Aug,Bangalore
13,23.4,27.6,20,0,83,0,6.9,5.6,9.4,15-Aug,Bangalore
14,24.6,29.4,20.7,0,77,0,6.3,4.8,9.4,15-Aug,Bangalore
15,25.2,31.1,20.5,0,72,0,6.9,5.2,9.4,15-Aug,Bangalore
16,25.1,29.3,21.4,0,78,5.08,6.9,3.9,5.4,15-Aug,Bangalore
17,24.1,29.6,20.2,0,81,27.18,6.9,2,5.4,15-Aug,Bangalore
18,25.9,30.8,21.3,0,73,0,7.7,2,7.6,15-Aug,Bangalore
19,25.6,31.2,22.3,0,79,0.76,6.9,3.3,5.4,15-Aug,Bangalore
20,25.3,31.6,22.4,0,74,0,6.3,3.9,9.4,15-Aug,Bangalore
21,23.4,31.6,21,0,80,0.76,6.9,3.3,11.1,15-Aug,Bangalore
22,22.6,28.4,20.8,0,84,18.29,6.9,3.3,7.6,15-Aug,Bangalore
23,23.6,29.1,20.4,0,79,4.06,6.9,4.3,5.4,15-Aug,Bangalore
24,23.6,29.1,19.9,0,74,0,6.9,4.3,9.4,15-Aug,Bangalore
25,24.4,29.6,19.7,0,67,0,6.9,3.1,7.6,15-Aug,Bangalore
26,23.8,30.1,19.6,0,71,0,6.3,3.9,7.6,15-Aug,Bangalore
27,22.5,30.1,20.3,0,86,1.78,6.3,4.6,7.6,15-Aug,Bangalore
28,23.2,27.6,19.4,0,73,5.59,6.3,4.4,7.6,15-Aug,Bangalore
29,24.2,29.3,19.6,0,75,0,6.9,5.7,7.6,15-Aug,Bangalore
30,23.8,29.4,21.1,0,76,0,6.3,4.8,7.6,15-Aug,Bangalore
31,25.1,29.7,20.8,0,69,0,6.9,4.3,5.4,15-Aug,Bangalore
1,25.5,31,21.1,0,66,0.51,7.7,3.1,5.4,15-Sep,Bangalore
2,25.4,31,21.6,0,67,0,6.9,2.8,5.4,15-Sep,Bangalore
3,25.7,31.7,22,0,70,0,6.6,2,3.5,15-Sep,Bangalore
4,25.2,31.7,21,0,72,1.27,6.9,2,7.6,15-Sep,Bangalore
5,24.6,31.7,20.2,0,77,24.38,6.9,0.9,3.5,15-Sep,Bangalore
6,24.9,30.8,21,0,76,0.25,7.4,5,7.6,15-Sep,Bangalore
7,22.4,30.8,20,0,87,37.08,6,3,5.4,15-Sep,Bangalore
8,23,28.5,19.8,0,82,36.58,6.9,5.9,7.6,15-Sep,Bangalore
9,22.9,27.6,20.5,0,82,0,6.9,5.6,9.4,15-Sep,Bangalore
10,22.8,27,19.6,0,80,0,6.9,6.1,9.4,15-Sep,Bangalore
11,23.1,27.4,19.4,0,76,3.3,5.5,5.2,7.6,15-Sep,Bangalore
12,23.8,28.4,20,0,72,0,6.9,5.2,9.4,15-Sep,Bangalore
13,23.7,29.7,19.3,0,75,5.08,7.7,5.6,9.4,15-Sep,Bangalore
14,23.5,29.7,19.4,0,76,0,6.3,7.8,11.1,15-Sep,Bangalore
15,23.1,28,19.3,0,75,0,6.3,9.4,18.3,15-Sep,Bangalore
16,23.9,28.6,19.8,0,72,0,6.9,9.4,11.1,15-Sep,Bangalore
17,23,28.6,20.1,0,79,0,6.3,5.6,11.1,15-Sep,Bangalore
18,23.7,29,19.1,0,77,0.51,6.9,6.7,7.6,15-Sep,Bangalore
19,24.2,29.4,20.2,0,76,0,6.3,3.7,11.1,15-Sep,Bangalore
20,22.9,29.4,20.4,0,83,0,5.5,6.3,11.1,15-Sep,Bangalore
21,23.6,29.4,19.2,0,77,7.11,6.9,2.8,7.6,15-Sep,Bangalore
22,25.3,31,20.7,0,69,0,6.3,2.6,7.6,15-Sep,Bangalore
23,26.1,31,20.7,0,67,1.02,6.9,1.5,5.4,15-Sep,Bangalore
24,24.6,33.2,20,0,79,0,6.3,1.1,3.5,15-Sep,Bangalore
25,24.3,33.2,18.7,0,76,18.8,6.9,1.3,3.5,15-Sep,Bangalore
26,23.2,30.3,20,0,82,9.14,6.9,2.2,5.4,15-Sep,Bangalore
27,23.8,31.6,20.2,0,78,0.51,6,2.4,5.4,15-Sep,Bangalore
28,23.2,31.6,19.7,0,86,34.8,6.3,0,0,15-Sep,Bangalore
29,24.6,29.7,20.6,0,77,8.38,6.9,0.7,3.5,15-Sep,Bangalore
30,23.7,29.7,21.3,0,81,0.76,6.3,0.7,3.5,15-Sep,Bangalore
1,24.5,30,21,0,77,0.51,6.9,2,5.4,15-Oct,Bangalore
2,24.6,30,21.7,0,78,2.54,6.3,3.5,5.4,15-Oct,Bangalore
3,24.7,29.8,21.3,0,77,0.25,6.9,3.9,9.4,15-Oct,Bangalore
4,23.2,29.6,20.2,0,84,3.3,6.3,2.8,5.4,15-Oct,Bangalore
5,22.3,29,20,0,88,10.92,6.3,2.2,5.4,15-Oct,Bangalore
6,23.3,28.5,19.5,0,81,4.83,6.9,2.4,5.4,15-Oct,Bangalore
7,24.2,30.2,20.3,0,79,6.6,6.9,3.9,9.4,15-Oct,Bangalore
8,24,30.2,20.9,0,77,4.32,6.9,3.5,5.4,15-Oct,Bangalore
9,24.3,29.4,20.6,0,75,0,6.9,7.2,11.1,15-Oct,Bangalore
10,24.1,29.5,20.5,0,77,0,6.3,5.6,9.4,15-Oct,Bangalore
11,23.5,29.5,21.3,0,84,7.87,6.9,1.9,5.4,15-Oct,Bangalore
12,24.5,29.4,20.4,0,77,0,6.9,0.7,5.4,15-Oct,Bangalore
13,25.1,31,21.2,0,62,0,6.9,1.9,3.5,15-Oct,Bangalore
14,25.1,32.1,19.6,0,52,0,6.9,2.2,3.5,15-Oct,Bangalore
15,25.2,32.1,19.7,0,59,0,6.9,0.7,3.5,15-Oct,Bangalore
16,25.6,31.5,20.2,0,60,0,6.3,1.1,3.5,15-Oct,Bangalore
17,24.4,31.4,21,0,68,0,5.5,2,5.4,15-Oct,Bangalore
18,25.5,31.8,20.6,0,65,0,6.9,2.2,5.4,15-Oct,Bangalore
19,25.6,31.8,20.6,0,62,0,6.9,3.5,5.4,15-Oct,Bangalore
20,25.5,31.4,21.5,0,63,0,5.5,2,5.4,15-Oct,Bangalore
21,24.9,30.6,21.4,0,61,0,6.3,2,5.4,15-Oct,Bangalore
22,24.8,31.2,20,0,58,0,6.3,1.3,3.5,15-Oct,Bangalore
23,24.6,31.2,18.4,0,50,0,6.9,1.3,3.5,15-Oct,Bangalore
24,24.8,31.8,19.7,0,50,0,6.3,0.9,3.5,15-Oct,Bangalore
25,24.2,31.8,17.8,0,60,0,6.3,3.5,5.4,15-Oct,Bangalore
26,24.4,29.8,20,0,62,0,6.9,3,5.4,15-Oct,Bangalore
27,24.4,29.6,20.6,0,67,0,6.9,0.9,3.5,15-Oct,Bangalore
28,23.7,30.5,20.6,0,71,0,6.9,2.8,5.4,15-Oct,Bangalore
29,24.3,30.5,19.7,0,71,6.1,6.3,2,5.4,15-Oct,Bangalore
30,24.4,30.8,20.5,0,71,0,6.9,2,5.4,15-Oct,Bangalore
31,24.7,30.8,20.6,0,72,0,7.7,1.3,3.5,15-Oct,Bangalore
1,23.4,29.5,21.7,0,83,1.02,6.3,0,0,15-Nov,Bangalore
2,23.1,30.9,20,0,83,51.05,5.5,1.1,5.4,15-Nov,Bangalore
3,21.8,30.9,19.5,0,87,7.11,6.3,1.5,5.4,15-Nov,Bangalore
4,22.9,28.7,20.2,0,85,33.02,5.5,0.9,3.5,15-Nov,Bangalore
5,23.1,28.7,19.6,0,77,0,6.9,0.7,3.5,15-Nov,Bangalore
6,23.8,29.2,20.1,0,71,0,6.3,1.1,3.5,15-Nov,Bangalore
7,23.7,28.5,20.8,0,69,0,6.6,1.5,3.5,15-Nov,Bangalore
8,23,28.5,19.3,0,76,0,6.3,0.9,3.5,15-Nov,Bangalore
9,20.2,27.3,18.4,0,92,0,4,3.5,5.4,15-Nov,Bangalore
10,19.3,21.5,18.2,0,98,45.72,3.2,2.8,7.6,15-Nov,Bangalore
11,20.6,22.3,18.8,0,96,21.08,3.7,3.1,5.4,15-Nov,Bangalore
12,21.2,24.6,17.4,0,91,2.79,6.9,0.9,3.5,15-Nov,Bangalore
13,19.3,24.6,17,0,88,14.22,6.3,0.7,3.5,15-Nov,Bangalore
14,20.2,24.8,16.1,0,75,0,5.5,0.9,3.5,15-Nov,Bangalore
15,19.1,24.8,17.7,0,89,0,4,2,5.4,15-Nov,Bangalore
16,19.6,21.7,17.1,0,91,8.89,4.8,3.9,5.4,15-Nov,Bangalore
17,19.6,21.7,18.2,0,93,10.92,4.8,3.5,5.4,15-Nov,Bangalore
18,20.6,23.2,18.9,0,92,1.02,4,1.9,5.4,15-Nov,Bangalore
19,21.7,24.6,19.5,0,90,14.48,4,1.9,3.5,15-Nov,Bangalore
20,22,26.4,19.8,0,87,0.51,5.8,2.2,5.4,15-Nov,Bangalore
21,21.9,26.4,19.6,0,85,14.22,6.9,2,5.4,15-Nov,Bangalore
22,21.2,25.5,19.8,0,92,1.02,4.8,1.9,5.4,15-Nov,Bangalore
23,21.3,25.1,18.9,0,92,5.08,5.5,1.5,5.4,15-Nov,Bangalore
24,21.2,25.4,18.4,0,88,15.75,5.5,1.5,5.4,15-Nov,Bangalore
25,21.4,27.5,17.5,0,66,0,6.9,0.2,1.9,15-Nov,Bangalore
26,22.6,28,17.7,0,74,0,6.3,0,0,15-Nov,Bangalore
27,22.7,28.9,18.6,0,64,0,6.9,1.3,3.5,15-Nov,Bangalore
28,22.2,29.3,16.4,0,62,0,6.3,1.5,7.6,15-Nov,Bangalore
29,21.2,29.3,17.4,0,86,0.51,5.5,1.3,3.5,15-Nov,Bangalore
30,22,26.3,19.7,0,87,3.05,6.3,1.3,5.4,15-Nov,Bangalore
1,21.1,23.8,19.8,0,91,0,6.3,0.7,5.4,15-Dec,Bangalore
2,21,23.9,19.6,0,93,1.02,6.3,0.9,3.5,15-Dec,Bangalore
3,21.5,24.9,18.9,0,87,2.79,6.9,0.9,3.5,15-Dec,Bangalore
4,21.9,27.8,18,0,71,0.51,6.9,1.7,7.6,15-Dec,Bangalore
5,22.2,27.8,17.9,0,70,0,6.3,3.9,7.6,15-Dec,Bangalore
6,21.4,27.3,18.4,0,69,0,6.9,1.5,3.5,15-Dec,Bangalore
7,22.3,28.7,17.5,0,70,0,6.3,1.3,5.4,15-Dec,Bangalore
8,21.5,28.7,17,0,68,0,6.3,2.2,5.4,15-Dec,Bangalore
9,21.4,28.2,18.4,0,83,0.51,5.8,1.1,3.5,15-Dec,Bangalore
10,21.4,24.3,19,0,86,0,5.5,1.1,5.4,15-Dec,Bangalore
11,22.7,28.7,18.6,0,81,0,6.3,1.3,5.4,15-Dec,Bangalore
12,23.8,30.2,20,0,69,0,6.3,1.1,3.5,15-Dec,Bangalore
13,24.1,30.9,20.4,0,70,0,6.9,2,5.4,15-Dec,Bangalore
14,23.6,30.9,19.6,0,79,0,6.3,2.8,5.4,15-Dec,Bangalore
15,23.3,29.9,20,0,71,0,6.3,1.9,3.5,15-Dec,Bangalore
16,22.5,30.3,18.2,0,68,0,6.9,2.4,5.4,15-Dec,Bangalore
17,21.9,30.3,16.4,0,66,0,6.3,3.1,5.4,15-Dec,Bangalore
18,21.8,28.6,17.4,0,75,0,6.9,2.8,5.4,15-Dec,Bangalore
19,22.4,28.3,18.9,0,71,0,6.3,2.2,5.4,15-Dec,Bangalore
20,22.2,28.4,18.8,0,73,0,6.9,1.9,5.4,15-Dec,Bangalore
21,22.2,28.8,18.3,0,65,0,6.9,2.4,5.4,15-Dec,Bangalore
22,22.5,29.2,16.8,0,61,0,6.9,2.2,5.4,15-Dec,Bangalore
23,22,29.2,17.9,0,66,0,6.3,2.2,5.4,15-Dec,Bangalore
24,22.1,29.3,17.3,0,61,107.44,6.3,1.3,3.5,15-Dec,Bangalore
25,21.8,29.3,16.3,0,65,0,6.3,1.5,3.5,15-Dec,Bangalore
26,21.8,28.2,18.2,0,67,0,6,2.4,5.4,15-Dec,Bangalore
27,21.8,27.7,17.9,0,72,0,5.3,2.8,5.4,15-Dec,Bangalore
28,21.1,27.4,17.2,0,67,0,6,1.3,5.4,15-Dec,Bangalore
29,21.8,29.3,15.4,0,57,0,6.9,0,0,15-Dec,Bangalore
30,22.2,29.4,14.2,0,47,0,7.4,1.5,3.5,15-Dec,Bangalore
31,0,0,0,0,0,0,0,0,0,15-Dec,Bangalore
1,26.1,30.1,21.9,0,88,0.51,4.3,4.3,11.1,15-Jan,Chennai
2,26.8,31,22.2,0,88,0,4.5,8.5,20.6,15-Jan,Chennai
3,26.9,31,23,0,85,0,4.7,8.5,18.3,15-Jan,Chennai
4,26,30.9,22.4,0,85,0,5,6.3,14.8,15-Jan,Chennai
5,26.2,31,22.6,0,81,0,5.5,7.4,20.6,15-Jan,Chennai
6,25.7,31,21.2,0,83,0,4.3,6.9,16.5,15-Jan,Chennai
7,25.3,30.4,21.6,0,86,0,3.7,6.7,18.3,15-Jan,Chennai
8,25.6,30.2,21.7,0,82,0,4.2,5.9,18.3,15-Jan,Chennai
9,24.8,29.8,20,0,80,0,4.2,6.9,20.6,15-Jan,Chennai
10,24.3,29.2,17.9,0,65,0,4.8,7,20.6,15-Jan,Chennai
11,24.3,29.1,20,0,68,0,5.5,7,18.3,15-Jan,Chennai
12,23.6,29,19,0,70,0,5.6,7,22.2,15-Jan,Chennai
13,23.9,29.2,18.3,0,71,0,5.1,6.9,22.2,15-Jan,Chennai
14,23.3,29.2,18.8,0,72,0,4.5,5.6,18.3,15-Jan,Chennai
15,24.8,29.8,18.7,0,76,0,5.3,5.9,18.3,15-Jan,Chennai
16,25.1,29.8,21.1,0,79,0,4.2,8.3,18.3,15-Jan,Chennai
17,24.5,29.5,21,0,71,0,4.7,7.2,20.6,15-Jan,Chennai
18,23.8,29.5,20,0,73,0,4.8,6.5,18.3,15-Jan,Chennai
19,24,29.2,19,0,71,0,4.5,7.8,22.2,15-Jan,Chennai
20,24.2,29.2,19,0,71,0,5.1,8,22.2,15-Jan,Chennai
21,24.3,29.4,19.1,0,66,0,5.6,8.7,22.2,15-Jan,Chennai
22,25.1,29.4,20.4,0,79,0,4.7,10.4,22.2,15-Jan,Chennai
23,25.5,30,22.4,0,81,0.51,5.6,10,24.1,15-Jan,Chennai
24,25.1,30,21,0,81,0,5.1,9.3,24.1,15-Jan,Chennai
25,25.1,29.3,19.5,0,73,3.05,6.1,9.6,22.2,15-Jan,Chennai
26,25.3,30,21,0,73,0,5,8.1,22.2,15-Jan,Chennai
27,25.3,29.6,21.6,0,74,0,5.1,10.4,24.1,15-Jan,Chennai
28,25.5,29.2,20.8,0,73,0,4.7,11.5,24.1,15-Jan,Chennai
29,26.3,30.2,22,0,73,0,5.6,11.5,22.2,15-Jan,Chennai
30,25.4,30.2,22,0,76,0,5.3,9.4,22.2,15-Jan,Chennai
31,25.3,30,20.4,0,74,0,5.1,9.1,24.1,15-Jan,Chennai
1,25.4,30,20.5,0,76,0,4.5,8.9,22.2,15-Feb,Chennai
2,25.7,30,21,0,69,0,5.3,10.6,22.2,15-Feb,Chennai
3,25.4,30.2,20.8,0,73,0,5.5,11.7,24.1,15-Feb,Chennai
4,25.3,30.2,21.3,0,76,0,5,9.8,22.2,15-Feb,Chennai
5,25.9,31.4,21,0,70,0,5,9.6,22.2,15-Feb,Chennai
6,26,31.4,21.6,0,73,0,5.5,10,22.2,15-Feb,Chennai
7,26.1,31,20.3,0,67,0,5.8,10.9,22.2,15-Feb,Chennai
8,25.4,31,20.3,0,70,0,5.3,9.6,22.2,15-Feb,Chennai
9,25.2,30.4,20.7,0,69,0,5.3,10,24.1,15-Feb,Chennai
10,24.8,30.2,21,0,74,0,5.1,8.1,22.2,15-Feb,Chennai
11,25.8,30,21.1,0,77,0,4.8,11.3,25.9,15-Feb,Chennai
12,26.1,31.4,21.5,0,75,0,4.8,9.3,25.9,15-Feb,Chennai
13,26.2,31.7,21.8,0,76,0,4.2,9.1,20.6,15-Feb,Chennai
14,26.4,32,20.4,0,70,0,5.1,8.9,22.2,15-Feb,Chennai
15,26.8,34,20.3,0,66,0,5.6,9.6,22.2,15-Feb,Chennai
16,26.4,33.4,21,0,69,0,5.6,7.4,18.3,15-Feb,Chennai
17,26.3,33.2,20.4,0,71,0,5.1,8.5,20.6,15-Feb,Chennai
18,26.2,33.2,20.2,0,67,0,5,9.8,18.3,15-Feb,Chennai
19,25.8,32,19.8,0,70,0,5.5,8.7,20.6,15-Feb,Chennai
20,25.7,31,20.1,0,72,0,5.6,8.9,22.2,15-Feb,Chennai
21,26.1,31,21.4,0,70,0,5.5,8.3,18.3,15-Feb,Chennai
22,26.2,32,21.4,0,67,0,5.3,8.5,18.3,15-Feb,Chennai
23,25.7,31.6,21,0,69,0,5.3,7.2,18.3,15-Feb,Chennai
24,25.8,33,20,0,67,0,5.1,8.1,18.3,15-Feb,Chennai
25,25.7,32.3,19.6,0,63,0,6,8,20.6,15-Feb,Chennai
26,27.1,32.3,21,0,74,0,6.1,10.9,18.3,15-Feb,Chennai
27,27.8,32,22.8,0,78,0,5.8,12.8,24.1,15-Feb,Chennai
28,27.9,32,23.8,0,77,0,5.8,14.1,27.8,15-Feb,Chennai
1,28.3,31.6,24.5,0,75,0,6,14.4,25.9,15-Mar,Chennai
2,28.2,31.6,25,0,74,0,6.3,12.2,25.9,15-Mar,Chennai
3,28.4,32.6,23.4,0,74,0,6,8.3,22.2,15-Mar,Chennai
4,29,33.4,23.4,0,72,0,6.3,13.7,25.9,15-Mar,Chennai
5,29.2,33.4,24.3,0,77,0,6.1,12,22.2,15-Mar,Chennai
6,28.7,33.3,24.3,0,75,0,6.9,10.9,22.2,15-Mar,Chennai
7,28.5,33.1,25,0,73,0,6.4,10,24.1,15-Mar,Chennai
8,28.3,33.1,23.9,0,74,0,5.8,10.7,22.2,15-Mar,Chennai
9,28,33,23,0,73,0,5.1,10.2,22.2,15-Mar,Chennai
10,27.3,33,22.2,0,64,0,5.3,10,25.9,15-Mar,Chennai
11,27.7,32.8,22.8,0,68,0,6.1,10.7,24.1,15-Mar,Chennai
12,28.4,33,23.9,0,71,0,6,11.5,25.9,15-Mar,Chennai
13,28,33.1,24.1,0,73,0,6.1,8.5,16.5,15-Mar,Chennai
14,28.8,33.1,23.2,0,71,0,6,13.1,24.1,15-Mar,Chennai
15,28.4,33.1,24,0,73,0,6.6,11.5,22.2,15-Mar,Chennai
16,27.9,32.8,23,0,73,0,6.1,8.3,20.6,15-Mar,Chennai
17,28,33.1,21.6,0,69,0,5,8.3,20.6,15-Mar,Chennai
18,28.8,35.2,21.1,0,64,0,5.8,9.8,18.3,15-Mar,Chennai
19,28.6,35.2,21.8,0,70,0,6.1,10.6,20.6,15-Mar,Chennai
20,27.9,34,23.1,0,73,0,5.3,8.1,20.6,15-Mar,Chennai
21,29.1,36,23,0,62,0,5.3,9.4,18.3,15-Mar,Chennai
22,29.6,37,23.2,0,67,0,5.1,8.3,22.2,15-Mar,Chennai
23,29.4,36.3,23.7,0,75,0,5.1,9.6,22.2,15-Mar,Chennai
24,29.2,35.2,23.7,0,75,0,5.3,10.2,22.2,15-Mar,Chennai
25,29.1,34.3,23.9,0,73,0,5.1,11.7,22.2,15-Mar,Chennai
26,28.7,33.3,24.2,0,71,0,5.6,10.4,18.3,15-Mar,Chennai
27,29.2,33.7,24.3,0,70,0,6.1,12.2,22.2,15-Mar,Chennai
28,29.7,34.5,24.8,0,72,0,5.6,12,22.2,15-Mar,Chennai
29,29.8,34.5,25,0,69,0,6.4,10.7,22.2,15-Mar,Chennai
30,30.1,34.4,24.8,0,70,0,6.4,13.3,25.9,15-Mar,Chennai
31,30.1,34.3,26.3,0,72,0,6.4,12.2,24.1,15-Mar,Chennai
1,29.8,34.2,26,0,76,0,6.8,12.4,22.2,15-Apr,Chennai
2,30.6,36.3,26,0,71,0,6.8,14.3,24.1,15-Apr,Chennai
3,31.4,38,25.9,0,71,0,6.6,16.3,25.9,15-Apr,Chennai
4,31.4,38,27,0,69,0,6.8,15.6,25.9,15-Apr,Chennai
5,31.1,37.8,26.7,0,72,0,6.6,14.6,27.8,15-Apr,Chennai
6,31.2,36.8,26,0,66,0,6.8,14.3,22.2,15-Apr,Chennai
7,30.6,35.6,26.2,0,73,0,6.6,13.3,22.2,15-Apr,Chennai
8,30.6,35,25.6,0,73,0,6.8,13.9,27.8,15-Apr,Chennai
9,30.7,34.8,26.7,0,72,0,7.1,12.4,24.1,15-Apr,Chennai
10,30.1,35,25.4,0,72,0,7.2,11.9,24.1,15-Apr,Chennai
11,30.3,35.1,24.7,0,70,0,6.4,14.1,22.2,15-Apr,Chennai
12,29.8,35.1,25.1,0,71,0,6.4,11.5,24.1,15-Apr,Chennai
13,28.3,34,23,0,71,0,5.5,12,25.9,15-Apr,Chennai
14,29.2,34.4,22,0,63,0.76,6.8,14.4,24.1,15-Apr,Chennai
15,26.3,34.4,23.9,0,87,3.05,5.3,5.6,18.3,15-Apr,Chennai
16,28.9,33,24,0,76,103.12,5.5,7.8,18.3,15-Apr,Chennai
17,29.1,33.9,25,0,75,0,6.3,11.1,22.2,15-Apr,Chennai
18,29.7,35.3,24,0,68,0,7.2,10.9,22.2,15-Apr,Chennai
19,30.2,35.3,25.2,0,72,0,7.4,10.4,20.6,15-Apr,Chennai
20,30.7,34.3,26.1,0,71,0,7.4,12.6,22.2,15-Apr,Chennai
21,30.7,34.7,27,0,74,0,6.9,11.9,24.1,15-Apr,Chennai
22,31.3,35.3,26.4,0,70,0,6.6,13.3,25.9,15-Apr,Chennai
23,31.6,37.3,27.3,0,73,0,6.6,16.1,27.8,15-Apr,Chennai
24,29.3,37.3,23.8,0,73,0.51,5.6,12.4,22.2,15-Apr,Chennai
25,30,35.8,22.5,0,67,6.1,6.6,12.4,22.2,15-Apr,Chennai
26,30.8,35.4,26.9,0,72,0,7.2,11.1,22.2,15-Apr,Chennai
27,30.4,34.6,26,0,73,0,7.1,11.1,24.1,15-Apr,Chennai
28,30.7,35.9,25.4,0,72,0,7.1,13.5,22.2,15-Apr,Chennai
29,31.2,36.7,26.6,0,72,0,6.3,15.7,24.1,15-Apr,Chennai
30,31.6,37.1,27.1,0,72,0,6.3,15.6,24.1,15-Apr,Chennai
1,31.9,37.1,27.3,0,74,0,6.6,15.2,22.2,15-May,Chennai
2,32.1,38,25,0,69,0,6.1,14.6,24.1,15-May,Chennai
3,31.1,37.7,24.4,0,73,0,5.8,12.6,22.2,15-May,Chennai
4,31.1,35.7,27.7,0,74,0,5.8,10.4,22.2,15-May,Chennai
5,30.9,35,26.7,0,71,0,6.3,10.2,22.2,15-May,Chennai
6,31,35,26.2,0,72,0,6.4,12,22.2,15-May,Chennai
7,31.4,36,26.8,0,71,0,6.6,13.7,25.9,15-May,Chennai
8,31.7,36.2,27.1,0,71,0,6.1,13.1,25.9,15-May,Chennai
9,32.1,37,26.5,0,69,0,6.4,12,18.3,15-May,Chennai
10,31.8,37,27.5,0,72,0,6.8,12,20.6,15-May,Chennai
11,31,35.8,28.3,0,73,0,6,9.6,18.3,15-May,Chennai
12,31.4,35.2,27.4,0,73,0,6.9,13.3,22.2,15-May,Chennai
13,28.4,35.2,26.7,0,81,0,5.6,7.2,14.8,15-May,Chennai
14,29.2,32,25.9,0,84,7.87,5.5,8,14.8,15-May,Chennai
15,28.8,34.1,26.6,0,84,11.94,6,6.3,18.3,15-May,Chennai
16,28.3,34.1,25.3,0,84,5.08,5.8,6.9,14.8,15-May,Chennai
17,29.4,35,24.6,0,78,5.08,5.6,11.9,22.2,15-May,Chennai
18,31.3,36.8,24.8,0,70,0,6.4,12.6,18.3,15-May,Chennai
19,32.5,38.2,27,0,70,0,6.8,16.5,24.1,15-May,Chennai
20,33.1,39.6,27.4,0,65,0,6.4,15.7,22.2,15-May,Chennai
21,33.7,40,27.7,0,64,0,6.4,17,25.9,15-May,Chennai
22,33.5,40,28.2,0,65,0,6.6,17.4,25.9,15-May,Chennai
23,33.9,39.7,28.5,0,61,0,6.3,16.3,24.1,15-May,Chennai
24,34.4,42.3,29.1,0,59,0,6.3,16.1,22.2,15-May,Chennai
25,34.6,42.4,29.5,0,56,0,6.6,16.7,24.1,15-May,Chennai
26,33.6,42.4,28.2,0,61,0,6.1,15.7,24.1,15-May,Chennai
27,30.9,39.6,27,0,64,0,5,19.4,29.4,15-May,Chennai
28,32.6,39,26,0,57,0,6.6,13.3,20.6,15-May,Chennai
29,32.8,40.3,27,0,63,0,6.1,13.7,25.9,15-May,Chennai
30,32.1,40.3,27.7,0,60,0,6.3,12.8,22.2,15-May,Chennai
31,32.6,38.6,27.6,0,67,0,6.3,15.4,22.2,15-May,Chennai
1,29.5,38.8,27.3,0,73,0.51,5.1,10.4,16.5,15-Jun,Chennai
2,30.4,37.8,26,0,67,0.51,5.6,12.8,22.2,15-Jun,Chennai
3,31.1,37.8,25.3,0,66,0,6.6,12.8,18.3,15-Jun,Chennai
4,31.6,37,27.2,0,72,0,6.4,13.9,22.2,15-Jun,Chennai
5,31.7,37.8,27.2,0,69,0,7.4,14.3,25.9,15-Jun,Chennai
6,31.6,37,26.6,0,68,0,6.3,13.3,22.2,15-Jun,Chennai
7,32.4,38.9,27.8,0,69,0,6.4,16.3,22.2,15-Jun,Chennai
8,32.2,38.9,27.5,0,66,0,6.3,16.3,25.9,15-Jun,Chennai
9,30.9,38.4,26,0,67,0,6.4,13.1,24.1,15-Jun,Chennai
10,31.7,38,24.6,0,67,1.02,7.1,15.9,25.9,15-Jun,Chennai
11,32.2,40.2,25.2,0,63,0,6.3,15.4,25.9,15-Jun,Chennai
12,31.2,40.2,23.8,0,69,23.11,6.6,11.7,18.3,15-Jun,Chennai
13,31.9,37.5,26.9,0,64,0,7.2,16.5,22.2,15-Jun,Chennai
14,31.6,38.1,25.8,0,67,0,6.3,13.5,22.2,15-Jun,Chennai
15,32.4,38.1,26.4,0,52,4.06,6.4,14.4,20.6,15-Jun,Chennai
16,30.8,36.7,26,0,61,0,6.4,11.7,22.2,15-Jun,Chennai
17,28.7,35.4,24.6,0,75,5.08,5,9.8,16.5,15-Jun,Chennai
18,27.7,30.3,25.6,0,77,0,4.7,7.2,14.8,15-Jun,Chennai
19,29.4,33,24.8,0,71,1.02,5.3,12,25.9,15-Jun,Chennai
20,30.9,34.2,26.4,0,60,0,6,15.9,25.9,15-Jun,Chennai
21,32.6,38,26.8,0,51,0,6.4,18.3,37,15-Jun,Chennai
22,33.6,38,26.7,0,48,0,6.4,19.4,31.7,15-Jun,Chennai
23,32.1,38.6,27.8,0,57,0.76,6.6,15.4,29.4,15-Jun,Chennai
24,33.3,39,26.4,0,55,0,6.9,16.9,0,15-Jun,Chennai
25,33.6,39,28.2,0,52,0,6.6,16.3,27.8,15-Jun,Chennai
26,33.9,38.8,26.7,0,49,0.51,6.6,18.1,29.4,15-Jun,Chennai
27,32.1,38,27.8,0,58,0,5.3,15.6,25.9,15-Jun,Chennai
28,31.5,39,26.2,0,62,13.97,6,14.8,24.1,15-Jun,Chennai
29,31.7,38.5,26.6,0,60,0.76,6.3,14.1,24.1,15-Jun,Chennai
30,31.9,38.5,25.5,0,62,0,6.1,13.5,25.9,15-Jun,Chennai
1,31.8,38.6,25.6,0,62,2.03,6.6,15.2,22.2,15-Jul,Chennai
2,32.2,39.1,27,0,59,0,6.1,15.4,24.1,15-Jul,Chennai
3,32.4,39.1,26.3,0,59,2.03,6.6,14.6,22.2,15-Jul,Chennai
4,33.4,39.5,27.7,0,56,0,6.6,16.9,25.9,15-Jul,Chennai
5,34.1,40.4,28.5,0,50,0,6.6,14.6,24.1,15-Jul,Chennai
6,33.6,40.4,28.7,0,49,0,6.6,16.5,27.8,15-Jul,Chennai
7,32.6,40.3,28.4,0,53,0,6.4,18,25.9,15-Jul,Chennai
8,32.8,40.3,28.2,0,54,0,6.1,17,27.8,15-Jul,Chennai
9,33.2,40.3,28.3,0,52,0,6.6,16.3,25.9,15-Jul,Chennai
10,31.4,39.9,24.2,0,61,3.05,5.3,13.3,27.8,15-Jul,Chennai
11,31.8,39.9,23.1,0,63,7.87,6.4,14.1,24.1,15-Jul,Chennai
12,31.9,39.2,26.7,0,59,0,6.4,16.1,22.2,15-Jul,Chennai
13,32.4,39.8,26.5,0,58,0,6.4,15.9,22.2,15-Jul,Chennai
14,32.2,39.8,26,0,62,2.03,5.5,11.1,18.3,15-Jul,Chennai
15,30.4,37.3,27.1,0,69,0,5.6,10,20.6,15-Jul,Chennai
16,31.9,38.6,26.9,0,59,0,6.3,15,25.9,15-Jul,Chennai
17,30.1,39,26.2,1003.3,69,12.95,5.6,10.7,24.1,15-Jul,Chennai
18,30.2,39,24.7,0,69,13.97,5.6,13.3,22.2,15-Jul,Chennai
19,30.7,38.8,23.3,0,62,30.99,6.3,15.7,22.2,15-Jul,Chennai
20,31.2,37,25.9,0,60,0.25,6.3,16.7,22.2,15-Jul,Chennai
21,30.7,37,25.4,0,66,3.05,6.6,16.9,27.8,15-Jul,Chennai
22,28.5,36.6,24.4,0,76,4.06,6,13.7,22.2,15-Jul,Chennai
23,29.4,36,23.1,0,74,24.89,5.8,14.1,25.9,15-Jul,Chennai
24,30.4,36.3,23.2,0,72,17.02,6.6,13.3,22.2,15-Jul,Chennai
25,30.7,36.6,26.2,0,68,0,6.3,14.1,24.1,15-Jul,Chennai
26,30.3,36.6,24.8,0,69,0,6.4,12,22.2,15-Jul,Chennai
27,29.4,36,23,0,74,6.1,5.8,12.4,25.9,15-Jul,Chennai
28,29.8,36.6,24.7,0,70,1.02,6.6,11.1,20.6,15-Jul,Chennai
29,30.7,36.6,23.4,0,69,13.97,6.6,15,20.6,15-Jul,Chennai
30,30.9,36.3,26.6,0,66,0,6.1,13.3,20.6,15-Jul,Chennai
31,29.9,35.3,24,0,69,0,6,10.7,24.1,15-Jul,Chennai
1,29.4,35,21.8,0,74,55.88,5.6,10.4,25.9,15-Aug,Chennai
2,28.9,34.1,23.2,0,79,8.89,6,9.8,18.3,15-Aug,Chennai
3,30.6,35,25.7,0,70,0.51,5.8,10.6,20.6,15-Aug,Chennai
4,29.1,36,24,0,73,0,5.3,8,14.8,15-Aug,Chennai
5,29.8,35.3,21.6,0,74,60.96,6.3,10.6,27.8,15-Aug,Chennai
6,30.7,36,24.8,0,68,1.02,6.8,13.7,22.2,15-Aug,Chennai
7,29.9,36,26.2,0,72,0.51,5.8,9.3,14.8,15-Aug,Chennai
8,30.9,36.5,24.8,0,68,6.1,6.3,10.2,24.1,15-Aug,Chennai
9,31.2,37.1,26.2,0,65,2.03,6.8,11.7,22.2,15-Aug,Chennai
10,31,37.1,26.9,0,67,0,6.4,13.1,22.2,15-Aug,Chennai
11,30.6,36.9,25.4,0,70,1.02,6.4,8.3,16.5,15-Aug,Chennai
12,30.6,35.3,26.8,0,67,0,6.1,9.8,18.3,15-Aug,Chennai
13,31,36,26.7,0,68,0,6.4,9.8,14.8,15-Aug,Chennai
14,30.6,36,25.3,0,71,0,6.1,8.5,20.6,15-Aug,Chennai
15,30.7,37,25,0,71,0,6.3,10,20.6,15-Aug,Chennai
16,30.1,35,26,0,78,0,7.1,6.9,11.1,15-Aug,Chennai
17,30.6,35,25.3,0,73,0,7.1,7.8,14.8,15-Aug,Chennai
18,30.7,34.8,25.7,0,75,0,6.4,7.8,13,15-Aug,Chennai
19,30.7,34.8,26.4,0,71,0,6.6,12.6,22.2,15-Aug,Chennai
20,30.1,37,24,0,74,0,6.1,10.9,18.3,15-Aug,Chennai
21,27.3,36.2,22.4,0,85,23.11,5.6,7.6,14.8,15-Aug,Chennai
22,27.8,32,22.8,0,82,5.08,6.3,9.1,18.3,15-Aug,Chennai
23,29.8,34.5,22.8,0,72,1.02,6.8,9.6,18.3,15-Aug,Chennai
24,30.8,35.8,25.2,0,66,0,6.9,11.5,22.2,15-Aug,Chennai
25,31.2,36.4,26.2,0,65,0,6.6,11.3,24.1,15-Aug,Chennai
26,30.9,36.4,26,0,66,0,6.4,11.7,20.6,15-Aug,Chennai
27,29,35.2,24.8,0,75,1.02,5.8,10.6,18.3,15-Aug,Chennai
28,30.1,34.1,25.4,0,71,0.51,6.6,10.2,20.6,15-Aug,Chennai
29,31.2,36.3,24.6,0,64,0,7.1,12.2,20.6,15-Aug,Chennai
30,30.6,37.3,25,0,70,2.03,6,10.2,22.2,15-Aug,Chennai
31,30.7,37.3,23.7,0,73,1.02,6.4,10.2,14.8,15-Aug,Chennai
1,31.7,36.8,26.7,0,69,0,6.1,12,22.2,15-Sep,Chennai
2,31.1,37,25.7,0,71,0,6.3,11.5,18.3,15-Sep,Chennai
3,30,36.8,26.1,0,76,0,6.1,12.2,18.3,15-Sep,Chennai
4,30.8,35.4,26.5,0,74,0,6.1,13.1,20.6,15-Sep,Chennai
5,30.4,35.3,26.4,0,77,0,6,11.9,18.3,15-Sep,Chennai
6,31.1,36.5,26,0,70,0,6.8,14.4,22.2,15-Sep,Chennai
7,28.3,36.5,25.8,0,78,0,5.8,11.3,18.3,15-Sep,Chennai
8,30.1,35.2,24.7,0,72,0.51,6.3,14.3,22.2,15-Sep,Chennai
9,29.5,35.2,24,0,73,0,6,10.7,37,15-Sep,Chennai
10,29.4,34.1,22.2,0,79,35.05,6.3,8.1,16.5,15-Sep,Chennai
11,30.1,33.5,25.7,0,73,0.25,6,9.4,18.3,15-Sep,Chennai
12,30.1,34,26.3,0,68,0.51,6.1,10.4,16.5,15-Sep,Chennai
13,30.3,36,25.6,0,67,0,6.6,15,22.2,15-Sep,Chennai
14,30.7,36,25.2,0,66,0,6.3,13,27.8,15-Sep,Chennai
15,31.3,36.6,26.7,0,61,0,6.3,14.1,25.9,15-Sep,Chennai
16,32.2,37.1,27.5,0,57,0,6.1,13.9,24.1,15-Sep,Chennai
17,31.2,37.1,27.3,0,66,5.08,6.1,12,20.6,15-Sep,Chennai
18,30.8,36.7,26.2,0,66,0,6.1,11.3,20.6,15-Sep,Chennai
19,30.6,35.8,25.7,0,75,1.02,6.1,9.8,18.3,15-Sep,Chennai
20,30.1,36.2,24.6,0,74,0,6,9.6,18.3,15-Sep,Chennai
21,30.2,36.2,22.7,0,73,23.11,6.8,9.4,14.8,15-Sep,Chennai
22,30.6,35.1,25.8,0,77,0,6.3,11.3,18.3,15-Sep,Chennai
23,30.7,35,26.2,0,73,0,6.1,10.6,18.3,15-Sep,Chennai
24,31,36,26,0,73,0,6.1,13,22.2,15-Sep,Chennai
25,31,37,26,0,71,0,6.6,11.1,18.3,15-Sep,Chennai
26,30.7,37,25,0,74,0,6.1,10.7,18.3,15-Sep,Chennai
27,29.6,36.8,26.3,0,76,0,5.6,7.4,18.3,15-Sep,Chennai
28,29.1,35.5,25.4,0,77,1.02,5,9.1,18.3,15-Sep,Chennai
29,28.1,34.4,24.6,0,82,0,6,6.3,18.3,15-Sep,Chennai
30,29.2,34.5,24,0,77,0,5.3,6.7,18.3,15-Sep,Chennai
1,28.9,34.5,24.6,0,82,1.02,5.3,8.9,20.6,15-Oct,Chennai
2,29.5,36,24,0,76,0.51,5.8,11.1,22.2,15-Oct,Chennai
3,28.1,36,22.8,0,84,26.92,6.1,8.7,16.5,15-Oct,Chennai
4,29.7,35,24.6,0,78,0,5.6,11.3,25.9,15-Oct,Chennai
5,27.4,34.5,22.7,0,86,16,4.8,6.5,14.8,15-Oct,Chennai
6,29.6,35,23.8,0,75,0,6.9,10.2,18.3,15-Oct,Chennai
7,29.1,35.5,24.7,0,79,1.02,6.1,9.4,18.3,15-Oct,Chennai
8,29.4,35.5,22.4,0,79,17.02,6,10,16.5,15-Oct,Chennai
9,29.2,34.3,25,0,79,0,6.1,8.3,14.8,15-Oct,Chennai
10,30.2,35.4,23.8,0,76,1.02,5.8,10.9,27.8,15-Oct,Chennai
11,28.8,35.4,22.4,0,79,21.08,6.1,5.9,14.8,15-Oct,Chennai
12,30,35,25.2,0,76,0,6,8,20.6,15-Oct,Chennai
13,29.6,35,23.9,0,76,0,6.3,7,16.5,15-Oct,Chennai
14,29.8,36,24.1,0,73,0,5.8,6.3,16.5,15-Oct,Chennai
15,29.3,34.6,24.4,0,76,0,5.6,8.1,18.3,15-Oct,Chennai
16,28.8,33.8,24.4,0,75,0,5.5,8.1,18.3,15-Oct,Chennai
17,29.1,34,24.3,0,75,0,5.3,7.6,18.3,15-Oct,Chennai
18,29.7,34.3,24.7,0,76,0,5.5,8.3,20.6,15-Oct,Chennai
19,29.5,34.3,25.2,0,80,3.05,5.8,8.7,22.2,15-Oct,Chennai
20,30,34,25.1,0,75,0,6.1,7.8,22.2,15-Oct,Chennai
21,28.9,34,25,0,74,0,6.1,8,18.3,15-Oct,Chennai
22,28.3,33.8,23.7,0,70,0,5.3,6.1,20.6,15-Oct,Chennai
23,26.2,33.2,23.3,0,86,2.03,4,5.9,22.2,15-Oct,Chennai
24,27.6,32.2,22,0,76,7.11,5.3,5.9,18.3,15-Oct,Chennai
25,28.4,33,23.2,0,76,0,5.6,6.9,20.6,15-Oct,Chennai
26,28.6,33.2,23.8,0,75,0,6,8.5,24.1,15-Oct,Chennai
27,28.4,33.9,23,0,78,0.51,5,10.9,22.2,15-Oct,Chennai
28,27.3,33.9,22,0,87,13.97,4.3,4.6,14.8,15-Oct,Chennai
29,27.1,31.8,23.3,0,88,13.97,4.8,5.6,16.5,15-Oct,Chennai
30,26.9,31,23.5,0,90,12.95,4.5,5.4,14.8,15-Oct,Chennai
31,26.4,31,24,0,91,23.88,5,4.4,18.3,15-Oct,Chennai
1,26.4,32,24,0,90,0,4.5,3,11.1,15-Nov,Chennai
2,28.2,32,22.6,0,83,55.88,5.8,6.7,14.8,15-Nov,Chennai
3,27.3,32.1,24.6,0,89,0,4,4.8,20.6,15-Nov,Chennai
4,28.4,32.1,23.9,0,85,0.25,5.6,7.4,18.3,15-Nov,Chennai
5,27.4,32.2,21.3,0,90,4.06,5.1,2.8,14.8,15-Nov,Chennai
6,28.5,32.5,24.2,0,82,0.76,6,8.1,22.2,15-Nov,Chennai
7,26.9,32.5,24.1,0,90,7.11,4.7,5.9,14.8,15-Nov,Chennai
8,25.7,30.3,23,0,95,42.93,2.4,14.8,29.4,15-Nov,Chennai
9,26,27,22.6,0,92,166.88,2.9,23.5,37,15-Nov,Chennai
10,26.1,29,21.6,0,89,46.99,3.7,11.5,22.2,15-Nov,Chennai
11,26.3,29.8,22.2,1010.3,91,25.91,3.9,6.1,18.3,15-Nov,Chennai
12,27.4,31,22.8,0,90,73.91,4.5,9.3,18.3,15-Nov,Chennai
13,25,31,23.2,0,96,118.11,2.1,5.7,16.5,15-Nov,Chennai
14,26.7,29,22.5,1010.6,83,9.91,4.2,8.3,18.3,15-Nov,Chennai
15,24.9,28.8,23,0,98,12.95,1.6,13.1,27.8,15-Nov,Chennai
16,25.5,29,22.2,0,94,264.92,3.5,10.6,22.2,15-Nov,Chennai
17,25.2,28.2,21.2,0,86,40.89,6.3,7,13,15-Nov,Chennai
18,25.7,29.1,21.7,0,91,0,5.8,5.9,16.5,15-Nov,Chennai
19,26.2,29.2,23,0,95,3.05,2.7,4.6,18.3,15-Nov,Chennai
20,27.3,31.1,22.8,0,88,37.08,4.3,8.1,20.6,15-Nov,Chennai
21,27.3,31.1,23.6,0,89,17.02,4.7,10,24.1,15-Nov,Chennai
22,26.7,30.9,23.6,0,92,12.95,3.7,10.9,25.9,15-Nov,Chennai
23,26.3,31.1,22.4,0,90,52.07,3.2,10.2,27.8,15-Nov,Chennai
24,26.9,31.1,22.1,0,83,138.94,5.6,5.9,18.3,15-Nov,Chennai
25,27.5,31,22,0,79,0,4.8,8.3,16.5,15-Nov,Chennai
26,27.3,30.8,24.6,0,82,0.25,4.5,9.1,18.3,15-Nov,Chennai
27,26.2,31,21.7,0,80,0,6,5,18.3,15-Nov,Chennai
28,27.1,30.9,21.2,0,81,0,4,8,16.5,15-Nov,Chennai
29,27.2,31.3,24.2,0,88,6.1,4,8.3,25.9,15-Nov,Chennai
30,25.9,29,23.8,0,93,0,3.7,9.4,24.1,15-Nov,Chennai
1,24.6,28.2,21.9,0,98,64.01,1.6,8.9,25.9,15-Dec,Chennai
2,24.8,27,21.5,1012.7,93,344.93,3.4,5.4,13,15-Dec,Chennai
3,25.4,28.8,21.5,1012.4,90,27.94,4.7,10.2,18.3,15-Dec,Chennai
4,25.4,29.1,22.2,1012.6,90,12.95,4,9.3,25.9,15-Dec,Chennai
5,25.8,29.1,20.8,0,88,35.05,3.9,10.4,22.2,15-Dec,Chennai
6,25.4,28.3,22.8,0,92,21.08,2.9,9.1,22.2,15-Dec,Chennai
7,27,30,22.7,0,78,25.91,4.8,9.1,22.2,15-Dec,Chennai
8,26.2,29.8,22.4,0,79,0,3.9,10,20.6,15-Dec,Chennai
9,26.7,30,22.1,0,87,7.11,3.9,8.7,20.6,15-Dec,Chennai
10,26.9,30,23.6,0,80,3.05,4.8,6.5,18.3,15-Dec,Chennai
11,27.3,32,22.2,0,84,0,5.5,4.4,13,15-Dec,Chennai
12,27.5,32,22.6,0,79,0,5.8,3,13,15-Dec,Chennai
13,27.5,32,21.1,0,73,0,6.6,3.9,11.1,15-Dec,Chennai
14,26.2,31.4,22.4,0,83,0,5.3,4.8,14.8,15-Dec,Chennai
15,25.6,31,21,0,77,0,5,4.1,11.1,15-Dec,Chennai
16,26.3,32,19.5,0,73,0,5.8,3.3,11.1,15-Dec,Chennai
17,26.7,32,21.1,0,75,0,5.6,3.9,14.8,15-Dec,Chennai
18,27.3,32,21.3,0,79,0,5.8,5,14.8,15-Dec,Chennai
19,27.4,32,23.2,0,79,0,5.6,5.6,18.3,15-Dec,Chennai
20,26.8,32,22,0,76,0,6,4.8,16.5,15-Dec,Chennai
21,27.1,34,20.8,0,70,0,5.3,2.8,11.1,15-Dec,Chennai
22,27.4,32.9,21.8,0,76,0,5.6,3.7,11.1,15-Dec,Chennai
23,27.7,32,22.6,0,74,0,5.6,5.4,13,15-Dec,Chennai
24,27.1,32,21.9,0,74,0,4.5,5.7,18.3,15-Dec,Chennai
25,26.9,32,21.4,0,74,0,5.3,5.4,14.8,15-Dec,Chennai
26,25.8,31,21.3,0,77,0,3.5,9.8,22.2,15-Dec,Chennai
27,26.7,31,23,0,75,0,4.2,14.1,27.8,15-Dec,Chennai
28,26.3,31,22.8,0,73,0,5,8.7,25.9,15-Dec,Chennai
29,26.1,31,21.3,0,72,0,5.6,7.4,22.2,15-Dec,Chennai
30,26.2,31,20.3,0,71,0,5.5,6.5,18.3,15-Dec,Chennai
31,0,0,0,0,0,0,0,0,0,15-Dec,Chennai
